PRIDOMEK,POHLAVI,PAD2,PAD3,PAD4,PAD5,PAD6,PAD7
Ach tov ,F,Ach tov,Ach tov,Ach tovou,Ach tov ,Ach tov,Ach tovou
Ach tovy,M,Ach tovho,Ach tovmu,Ach tovho,Ach tovy,Ach tovm,Ach tovym
AkvamarĄnov ,F,AkvamarĄnov,AkvamarĄnov,AkvamarĄnovou,AkvamarĄnov ,AkvamarĄnov,AkvamarĄnovou
AkvamarĄnovy,M,AkvamarĄnovho,AkvamarĄnovmu,AkvamarĄnovho,AkvamarĄnovy,AkvamarĄnovm,AkvamarĄnovym
Ametystov ,F,Ametystov,Ametystov,Ametystovou,Ametystov ,Ametystov,Ametystovou
Ametystovy,M,Ametystovho,Ametystovmu,Ametystovho,Ametystovy,Ametystovm,Ametystovym
Andelsk ,F,Andelsk,Andelsk,Andelskou,Andelsk ,Andelsk,Andelskou
Andelsky,M,Andelskho,Andelskmu,Andelskho,Andelsky,Andelskm,Andelskym
B jecn ,F,B jecn,B jecn,B jecnou,B jecn ,B jecn,B jecnou
B jecny,M,B jecnho,B jecnmu,B jecnho,B jecny,B jecnm,B jecnym
Barbarsk ,F,Barbarsk,Barbarsk,Barbarskou,Barbarsk ,Barbarsk,Barbarskou
Barbarsky,M,Barbarskho,Barbarskmu,Barbarskho,Barbarsky,Barbarskm,Barbarskym
Bard,M,Barda,Bardovi,Barda,Barde,Bardovi,Bardem
Bedliv ,F,Bedliv,Bedliv,Bedlivou,Bedliv ,Bedliv,Bedlivou
Bedlivy,M,Bedlivho,Bedlivmu,Bedlivho,Bedlivy,Bedlivm,Bedlivym
Belovlas ,F,Belovlas,Belovlas,Belovlasou,Belovlas ,Belovlas,Belovlasou
Belovlasy,M,Belovlasho,Belovlasmu,Belovlasho,Belovlasy,Belovlasm,Belovlasym
Belovous ,F,Belovous,Belovous,Belovousou,Belovous ,Belovous,Belovousou
Belovousy,M,Belovousho,Belovousmu,Belovousho,Belovousy,Belovousm,Belovousym
Bestie,F,Bestie,Bestii,Bestii,Bestie,Bestii,BestiĄ
Bezelstn ,F,Bezelstn,Bezelstn,Bezelstnou,Bezelstn ,Bezelstn,Bezelstnou
Bezelstny,M,Bezelstnho,Bezelstnmu,Bezelstnho,Bezelstny,Bezelstnm,Bezelstnym
Bezhlav ,F,Bezhlav,Bezhlav,Bezhlavou,Bezhlav ,Bezhlav,Bezhlavou
Bezhlavy,M,Bezhlavho,Bezhlavmu,Bezhlavho,Bezhlavy,Bezhlavm,Bezhlavym
Bezras ,F,Bezras,Bezras,Bezrasou,Bezras ,Bezras,Bezrasou
Bezrasy,M,Bezrasho,Bezrasmu,Bezrasho,Bezrasy,Bezrasm,Bezrasym
Bezstarostn ,F,Bezstarostn,Bezstarostn,Bezstarostnou,Bezstarostn ,Bezstarostn,Bezstarostnou
Bezstarostny,M,Bezstarostnho,Bezstarostnmu,Bezstarostnho,Bezstarostny,Bezstarotsnm,Bezstarostnym
Bezvern ,F,Bezvern,Bezvern,Bezvernou,Bezvern ,Bezvern,Bezvernou
Bezverny,M,Bezvernho,Bezvernmu,Bezvernho,Bezverny,Bezvernm,Bezvernym
Bezvous ,F,Bezvous,Bezvous,Bezvousou,Bezvous ,Bezvous,Bezvousou
Bezvousy,M,Bezvousho,Bezvousmu,Bezvousho,Bezvousy,Bezvousm,Bezvousym
Bibliofil,M,Bibliofila,Bibliofilovi,Bibliofila,Bibliofile,Bibliofilovi,Bibliofilem
BĄl ,F,BĄl,BĄl,BĄlou,BĄl,BĄl,BĄlou
BĄly,M,BĄlho,BĄlmu,BĄlho,BĄly,BĄlm,BĄlym
Bl zniv ,F,Bl zniv,Bl zniv,Bl znivou,Bl zniv ,Bl zniv,Bl znivou
Bl znivy,M,Bl znivho,Bl znivmu,Bl znivho,Bl znivy,Bl znivm,Bl znivym
Blazen ,F,Blazen,Blazen,Blazenou,Blazen ,Blazen,Blazenou
Blazeny,M,Blazenho,Blazenmu,Blazenho,Blazeny,Blazenm,Blazenym
Bled ,F,Bled,Bled,Bledou,Bled ,Bled,Bledou
Bledy,M,Bledho,Bledmu,Bledho,Bledy,Bledm,Bledym
Blondat ,F,Blondat,Blondat,Blondatou,Blondat ,Blondat,Blondatou
Blondaty,M,Blondatho,Blondatmu,Blondatho,Blondaty,Blondatm,Blondatym
Bohat ,F,Bohat,Bohat,Bohatou,Bohat ,Bohat,Bohatou
Bohaty,M,Bohatho,Bohatmu,Bohatho,Bohaty,Bohatm,Bohatym
Boj cn ,F,Boj cn,Boj cn,Boj cnou,Boj cn ,Boj cn,Boj cnou
Boj cny,M,Boj cnho,Boj cnmu,Boj cnho,Boj cny,Boj cnm,Boj cnym
Bojovn ,F,Bojovn,Bojovn,Bojovnou,Bojovn ,Bojovn,Bojovnou
Bojovnice,F,Bojovnice,Bojovnici,Bojovnici,Bojovnice,Bojovnici,BojovnicĄ
BojovnĄk,M,BojovnĄka,BojovnĄkovi,BojovnĄka,BojovnĄku,BojovnĄkovi,BojovnĄkem
Bojovny,M,Bojovnho,Bojovnmu,Bojovnho,Bojovny,Bojovnm,Bojovnym
Bos ,F,Bos,Bos,Bosou,Bos ,Bos,Bosou
Bosy,M,Bosho,Bosmu,Bosho,Bosy,Bosm,Bosym
Bourliv ,F,Bourliv,Bourliv,Bourlivou,Bourliv ,Bourliv,Bourlivou
Bourlivy,M,Bourlivho,Bourlivmu,Bourlivho,Bourlivy,Bourlivm,Bourlivym
Bozsk ,F,Bozsk,Bozsk,Bozskou,Bozsk ,Bozsk,Bozskou
Bozsky,M,Bozskho,Bozskmu,Bozskho,Bozsky,Bozskm,Bozskym
Brc lov ,F,Brc lov,Brc lov,Brc lovou,Brc lov ,Brc lov,Brc lovou
Brc lovy,M,Brc lovho,Brc lovmu,Brc lovho,Brc lovy,Brc lovm,Brc lovym
Bronzov ,F,Bronzov,Bronzov,Bronzovou,Bronzov ,Bronzov,Bronzovou
Bronzovy,M,Bronzovho,Bronzovmu,Bronzovho,Bronzovy,Bronzovm,Bronzovym
Bujar Bubl lkov,F,Bujar,Bujar,Bujarou,Bujar ,Bujar,Bujarou
Bujary,M,Bujarho,Bujarmu,Bujarho,Bujary,Bujarm,Bujarym
Bystr ,F,Bystr,Bystr,Bystrou,Bystr ,Bystr,Bystrou
Bystrozrak ,F,Bystrozrak,Bystrozrak,Bystrozrakou,Bystrozrak ,Bystrozrak,Bystrozrakou
Bystrozraky,M,Bystrozrakho,Bystrozrakmu,Bystrozrakho,Bystrozraky,Bystrozrakm,Bystrozrakym
Bystry,M,Bystrho,Bystrmu,Bystrho,Bystry,Bystrm,Bystrym
Chladn ,F,Chladn,Chladn,Chladnou,Chladn ,Chladn,Chladnou
Chladnokrevn ,F,Chladnokrevn,Chladnokrevn,Chladnokrevnou,Chladnokrevn ,Chladnokrevn,Chladnokrevnou
Chladnokrevny,M,Chladnokrevnho,Chladnokrevnmu,Chladnokrevnho,Chladnokrevny,Chladnokrevnm,Chladnokrevnym
Chladny,M,Chladnho,Chladnmu,Chladnho,Chladny,Chladnm,Chladnym
ChlĄpn ,F,ChlĄpn,ChlĄpn,ChlĄpnou,ChlĄpn ,ChlĄpn,ChlĄpnou
ChlĄpny,M,ChlĄpnho,ChlĄpnmu,ChlĄpnho,ChlĄpny,ChlĄpnm,ChlĄpnym
Chlupat ,F,Chlupat,Chlupat,Chlupatou,Chlupat ,Chlupat,Chlupatou
Chlupaty,M,Chlupatho,Chlupatmu,Chlupatho,Chlupaty,Chlupatm,Chlupatym
Chmurn ,F,Chmurn,Chmurn,Chmurnou,Chmurn ,Chmurn,Chmurnou
Chmurny,M,Chmurnho,Chmurnmu,Chmurnho,Chmurny,Chmurnm,Chmurnym
Chor ,F,Chor,Chor,Chorou,Chor ,Chor,Chorou
Choromysln ,F,Choromysln,Choromysln,Choromyslnou,Choromysln ,Choromysln,Choromyslnou
Choromyslny,M,Choromyslnho,Choromyslnmu,Choromyslnho,Choromyslny,Choromyslnm,Choromyslnym
Chory,M,Chorho,Chormu,Chorho,Chory,Chorm,Chorym
Chrom ,F,Chrom,Chrom,Chromou,Chrom ,Chrom,Chromou
Chromy,M,Chromho,Chrommu,Chromho,Chromy,Chromm,Chromym
Chud ,F,Chud,Chud,Chudou,Chud ,Chud,Chudou
Chudy,M,Chudho,Chudmu,Chudho,Chudy,Chudm,Chudym
Churav ,F,Churav,Churav,Churavou,Churav ,Churav,Churavou
Churavy,M,Churavho,Churavmu,Churavho,Churavy,Churavm,Churavym
Chytr ,F,Chytr,Chytr,Chytrou,Chytr ,Chytr,Chytrou
Chytry,M,Chytrho,Chytrmu,Chytrho,Chytry,Chytrm,Chytrym
CitrĄnov ,F,CitrĄnov,CitrĄnov,CitrĄnovou,CitrĄnov ,CitrĄnov,CitrĄnovou
CitrĄnovy,M,CitrĄnovho,CitrĄnovmu,CitrĄnovho,CitrĄnovy,CitrĄnovm,CitrĄnovym
Citr˘nov ,F,Citr˘nov,Citr˘nov,Citr˘novou,Citr˘nov ,Citr˘nov,Citr˘novou
Citr˘novy,M,Citr˘novho,Citr˘novmu,Citr˘novho,Citr˘novy,Citr˘novm,Citr˘novym
Cudn ,F,Cudn,Cudn,Cudnou,Cudn ,Cudn,Cudnou
Cudny,M,Cudnho,Cudnmu,Cudnho,Cudny,Cudnm,Cudnym
Carodejn ,F,Carodejn,Carodejn,Carodejnou,Carodejn ,Carodejn,Carodejnou
Carodejny,M,Carodejnho,Carodejnmu,Carodejnho,Carodejny,Carodejnm,Carodejnym
Carokr sn ,F,Carokr sn,Carokr sn,Carokr snou,Carokr sn ,Carokr sn,Carokr snou
Carokr sny,M,Carokr snho,Carokr snmu,Carokr snho,Carokr sny,Carokr snm,Carokr snym
Cern ,F,Cern,Cern,Cernou,Cern ,Cern,Cernou
Cernook ,F,Cernook,Cernook,Cernookou,Cernook ,Cernook,Cernookou
Cernooky,M,Cernookho,Cernookmu,Cernookho,Cernooky,Cernookm,Cernookym
Cernovlas ,F,Cernovlas,Cernovlas,Cernovlasou,Cernovlas ,Cernovlas,Cernovlasou
Cernovlasy,M,Cernovlasho,Cernovlasmu,Cernovlasho,Cernovlasy,Cernovlasm,Cernovlasym
Cernovous ,F,Cernovous,Cernovous,Cernovousou,Cernovous ,Cernovous,Cernovousou
Cernovousy,M,Cernovousho,Cernovousmu,Cernovousho,Cernovousy,Cernovousm,Cernovousym
Cerny,M,Cernho,Cernmu,Cernho,Cerny,Cernm,Cernym
Cerstv ,F,Cerstv,Cerstv,Cerstvou,Cerstv ,Cerstv,Cerstvou
Cerstvy,M,Cerstvho,Cerstvmu,Cerstvho,Cerstvy,Cerstvm,Cerstvym
Cervonous ,F,Cervonous,Cervonous,Cervonousou,Cervonous ,Cervonous,Cervonousou
Cervonousy,M,Cervonousho,Cervonousmu,Cervonousho,Cervonousy,Cervonousm,Cervonousym
Cestn ,F,Cestn,Cestn,Cestnou,Cestn ,Cestn,Cestnou
Cestny,M,Cestnho,Cestnmu,Cestnho,Cestny,Cestnm,Cestnym
D belsk ,F,D belsk,D belsk,D belskou,D belsk ,D belsk,D belskou
D belsky,M,D belskho,D belskmu,D belskho,D belsky,D belskm,D belskym
Desiv ,F,Desiv,Desiv,Desivou,Desiv ,Desiv,Desivou
Desivy,M,Desivho,Desivmu,Desivho,Desivy,Desivm,Desivym
Desn ,F,Desn,Desn,Desnou,Desn ,Desn,Desnou
Desny,M,Desnho,Desnmu,Desnho,Desny,Desnm,Desnym
DevĄtiprst ,F,DevĄtiprst,DevĄtiprst,DevĄtiprstou,DevĄtiprst ,DevĄtiprst,DevĄtiprstou
DevĄtiprsty,M,DevĄtiprstho,DevĄtiprstmu,DevĄtiprstho,DevĄtiprsty,DevĄtiprstm,DevĄtiprstym
Diamantov ,F,Diamantov,Diamantov,Diamantovou,Diamantov ,Diamantov,Diamantovou
Diamantovy,M,Diamantovho,Diamantovmu,Diamantovho,Diamantovy,Diamantovm,Diamantovym
Divok ,F,Divok,Divok,Divokou,Divok ,Divok,Divokou
Divoky,M,Divokho,Divokmu,Divokho,Divoky,Divokm,Divokym
Dlouh ,F,Dlouh,Dlouh,Dlouhou,Dlouh ,Dlouh,Dlouhou
Dlouhonoh ,F,Dlouhonoh,Dlouhonoh,Dlouhonohou,Dlouhonoh ,Dlouhonoh,Dlouhonohou
Dlouhonohy,M,Dlouhonohho,Dlouhonohmu,Dlouhonohho,Dlouhonohy,Dlouhonohm,Dlouhonohym
Dlouhonos ,F,Dlouhonos,Dlouhonos,Dlouhonosou,Dlouhonos ,Dlouhonos,Dlouhonosou
Dlouhonosy,M,Dlouhonosho,Dlouhonosmu,Dlouhonosho,Dlouhonosy,Dlouhonosm,Dlouhonosym
Dlouhoprst ,F,Dlouhoprst,Dlouhoprst,Dlouhoprstou,Dlouhoprst ,Dlouhoprst,Dlouhoprstou
Dlouhoprsty,M,Dlouhoprstho,Dlouhoprstmu,Dlouhoprstho,Dlouhoprsty,Dlouhoprstm,Dlouhoprstym
Dlouhoruk ,F,Dlouhoruk,Dlouhoruk,Dlouhorukou,Dlouhoruk ,Dlouhoruk,Dlouhorukou
Dlouhoruky,M,Dlouhorukho,Dlouhorukmu,Dlouhorukho,Dlouhoruky,Dlouhorukm,Dlouhorukym
Dlouhosrst ,F,Dlouhosrst,Dlouhosrst,Dlouhosrstou,Dlouhosrst ,Dlouhosrst,Dlouhosrstou
Dlouhosrsty,M,Dlouhosrstho,Dlouhosrstmu,Dlouhosrstho,Dlouhosrsty,Dlouhosrstm,Dlouhosrstym
Dlouhovek ,F,Dlouhovek,Dlouhovek,Dlouhovekou,Dlouhovek ,Dlouhovek,Dlouhovekou
Dlouhoveky,M,Dlouhovekho,Dlouhovekmu,Dlouhovekho,Dlouhoveky,Dlouhovekm,Dlouhovekym
Dlouhovlas ,F,Dlouhovlas,Dlouhovlas,Dlouhovlasou,Dlouhovlas ,Dlouhovlas,Dlouhovlasou
Dlouhovlasy,M,Dlouhovlasho,Dlouhovlasmu,Dlouhovlasho,Dlouhovlasy,Dlouhovlasm,Dlouhovlasym
Dlouhovous ,F,Dlouhovous,Dlouhovous,Dlouhovousou,Dlouhovous ,Dlouhovous,Dlouhovousou
Dlouhovousy,M,Dlouhovousho,Dlouhovousmu,Dlouhovousho,Dlouhovousy,Dlouhovousm,Dlouhovousym
Dlouhy,M,Dlouhho,Dlouhmu,Dlouhho,Dlouhy,Dlouhm,Dlouhym
Dobr ,F,Dobr,Dobr,Dobrou,Dobr ,Dobr,Dobrou
Dobr ck ,F,Dobr ck,Dobr ck,Dobr ckou,Dobr ck ,Dobr ck,Dobr ckou
Dobr cky,M,Dobr ckho,Dobr ckho,Dobr ckho,Dobr cky,Dobr ckm,Dobr ckym
Dobromysln ,F,Dobromysln,Dobromysln,Dobromyslnou,Dobromysln ,Dobromysln,Dobromyslnou
Dobromyslny,M,Dobromyslnho,Dobromyslnmu,Dobromyslnho,Dobromyslny,Dobromyslnm,Dobromyslnym
Dobrosrdecn ,F,Dobrosrdecn,Dobrosrdecn,Dobrosrdecnou,Dobrosrdecn ,Dobrosrdecn,Dobrosrdecnou
Dobrosrdecny,M,Dobrosrdecnho,Dobrosrdecnmu,Dobrosrdecnho,Dobrosrdecny,Dobrosrdecnm,Dobrosrdecnym
Dobry,M,Dobrho,Dobrmu,Dobrho,Dobry,Dobrm,Dobrym
Dochviln ,F,Dochviln,Dochviln,Dochvilnou,Dochviln ,Dochviln,Dochvilnou
Dochvilny,M,Dochvilnho,Dochvilnmu,Dochvilnho,Dochvilny,Dochvilnm,Dochvilnym
Dospel ,F,Dospel,Dospel,Dospelou,Dospel ,Dospel,Dospelou
Dospely,M,Dospelho,Dospelmu,Dospelho,Dospely,Dospelm,Dospelym
Dotern ,F,Dotern,Dotern,Doternou,Dotern ,Dotern,Doternou
Doterny,M,Doternho,Doternmu,Doternho,Doterny,Doternm,Doternym
Drakobijec,M,Drakobijce,Drakobijcovi,Drakobijce,Drakobijce,Drakobijcovi,Drakobijcem
Drobn ,F,Drobn,Drobn,Drobnou,Drobn ,Drobn,Drobnou
Drobny,M,Drobnho,Drobnmu,Drobnho,Drobny,Drobnm,Drobnym
Drtic,M,Drtice,Drticovi,Drtice,Drtici,Drticovi,Drticem
Drticka,F,Drticky,Drticce,Drticku,Drticko,Drticce,Drtickou
Druhorozen ,F,Druhorozen,Druhorozen,Druhorozenou,Druhorozen ,Druhorozen,Druhorozenou
Druhorozeny,M,Druhorozenho,Druhorozenmu,Druhorozenho,Druhorozeny,Druhorozenm,Druhorozenym
Dulezit ,F,Dulezit,Dulezit,Dulezitou,Dulezit ,Dulezit,Dulezitou
Dulezity,M,Dulezitho,Dulezitmu,Dulezitho,Dulezity,Dulezitm,Dulezitym
Duveryhodn ,F,Duveryhodn,Duveryhodn,Duveryhodnou,Duveryhodn ,Duveryhodn,Duveryhodnou
Duveryhodny,M,Duveryhodnho,Duveryhodnmu,Duveryhodnho,Duveryhodny,Duveryhodnm,Duveryhodnym
Dychavicn ,F,Dychavicn,Dychavicn,Dychavicnou,Dychavicn ,Dychavicn,Dychavicnou
Dychavicny,M,Dychavicnho,Dychavicnmu,Dychavicnho,Dychavicny,Dychavicnm,Dychavicnym
Ebenov ,F,Ebenov,Ebenov,Ebenovou,Ebenov ,Ebenov,Ebenovou
Ebenovy,M,Ebenovho,Ebenovmu,Ebenovy,Ebenovy,Ebenovm,Ebenovym
Fantastick ,F,Fantastick,Fantastick,Fantastickou,Fantastick ,Fantastick,Fantastickou
Fantasticky,M,Fantastickho,Fantastickmu,Fantastickho,Fantasticky,Fantastickm,Fantastickym
Frov ,F,Frov,Frov,Frovou,Frov ,Frov,Frovou
Frovy,M,Frovho,Frovmu,Frovho,Frovy,Frovm,Frovym
Fes k,M,Fes ka,Fes kovi,Fes ka,Fes ku,Fes kovi,Fes kem
Fesanda,F,Fesandy,Fesande,Fesandu,Fesando,Fesande,Fesandou
Fikan ,F,Fikan,Fikan,Fikanou,Fikan ,Fikan,Fikanou
Fikany,M,Fikanho,Fikanmu,Fikanho,Fikany,Fikanm,Fikanym
Fintiv ,F,Fintiv,Fintiv,Fintivou,Fintiv ,Fintiv,Fintivou
Fintivy,M,Fintivho,Fintivmu,Fintivho,Fintivy,Fintivm,Fintivym
Fousat ,F,Fousat,Fousat,Fousatou,Fousat ,Fousat,Fousatou
Fousaty,M,Fouastho,Fousatmu,Fousatho,Fousaty,Fousatm,Fousatym
Gigantick ,F,Gigantick,Gigantick,Gigantickou,Gigantick ,Gigantick,Gigantickou
Giganticky,M,Gigantickho,Gigantickmu,Gigantickho,Giganticky,Gigantickm,Gigantickym
Halasn ,F,Halasn,Halasn,Halasnou,Halasn ,Halasn,Halasnou
Halasny,M,Halasnho,Halasnmu,Halasnho,Halasny,Halasnm,Halasnym
Hezk ,F,Hezk,Hezk,Hezkou,Hezk ,Hezk,Hezkou
Hezky,M,Hezkho,Hezkmu,Hezkho,Hezky,Hezkm,Hezkym
Hladov ,F,Hladov,Hladov,Hladovou,Hladov ,Hladov,Hladovou
Hladovy,M,Hladovho,Hladovmu,Hladovho,Hladovy,Hladovm,Hladovym
Hlavat ,F,Hlavat,Hlavat,Hlavatou,Hlavat ,Hlavat,Hlavatou
Hlavaty,M,Hlavatho,Hlavatmu,Hlavatho,Hlavaty,Hlavatm,Hlavatym
Hloup ,F,Hloup,Hloup,Hloupou,Hloup ,Hloupm,Hloupym
Hloupy,M,Hloupho,Hloupmu,Hloupho,Hloupy,Hloupm,Hloupym
Hlubokomysln ,F,Hlubokomysln,Hlubokomysln,Hlubokomyslnou,Hlubokomysln ,Hlubokomysln,Hlubokomyslnou
Hlubokomyslny,M,Hlubokomyslnho,Hlubokomyslnmu,Hlubokomyslnho,Hlubokomyslny,Hlubokomyslnm,Hlubokomyslnym
Hluch ,F,Hluch,Hluch,Hluchou,Hluch ,Hluch,Hluchou
Hluchy,M,Hluchho,Hluchmu,Hluchho,Hluchy,Hluchm,Hluchym
Hlucn ,F,Hlucn,Hlucn,Hlucnou,Hlucn ,Hlucn,Hlucnou
Hlucny,M,Hlucnho,Hlucnmu,Hlucnho,Hlucny,Hlucnm,Hlucnym
Hnedook ,F,Hnedook,Hnedook,Hnedookou,Hnedook ,Hnedook,Hnedookou
Hnedooky,M,Hnedookho,Hnedookmu,Hnedookho,Hnedooky,Hnedookm,Hnedookym
Hnedovlas ,F,Hnedovlas,Hnedovlas,Hnedovlasou,Hnedovlas ,Hnedovlas,Hnedovlasou
Hnedovlasy,M,Hnedovlasho,Hnedovlasmu,Hnedovlasho,Hnedovlasy,Hnedovlasm,Hnedovlasym
Hnedovous ,F,Hnedovous,Hnedovous,Hnedovousou,Hnedovous ,Hnedovous,Hnedovousou
Hnedovousy,M,Hnedovousho,Hnedovousmu,Hnedovousho,Hnedovousy,Hnedovousm,Hnedovousym
Hodn ,F,Hodn,Hodn,Hodnou,Hodn ,Hodn,Hodnou
Hodny,M,Hodnho,Hodnmu,Hodnho,Hodny,Hodnm,Hodnym
Holohlav ,F,Holohlav,Holohlav,Holohlavou,Holohlav ,Holohlav,Holohlavou
Holohlavy,M,Holohlavho,Holohlavmu,Holohlavho,Holohlavy,Holohlavm,Holohlavym
Holubice,F,Holubice,Holubici,Holubici,Holubice,Holubici,HolubicĄ
Horkokrevn ,F,Horkokrevn,Horkokrevn,Horkokrevnou,Horkokrevn ,Horkokrevn,Horkokrevnou
Horkokrevny,M,Horkokrevnho,Horkokrevnmu,Horkokrevnho,Horkokrevny,Horkokrevnm,Horkokrevnym
Horliv ,F,Horliv,Horliv,Horlivou,Horliv ,Horliv,Horlivou
Horlivy,M,Horlivho,Horlivmu,Horlivho,Horlivy,Horlivm,Horlivym
Hork ,F,Hork,Hork,Horkou,Hork ,Hork,Horkou
Horky,M,Horkho,Horkmu,Horkho,Horky,Horkm,Horkym
Hrbat ,F,Hrbat,Hrbat,Hrbatou,Hrbat ,Hrbat,Hrbatou
Hrbaty,M,Hrbatho,Hrbatmu,Hrbatho,Hrbaty,Hrbatm,Hrbatym
Hrobar,M,Hrobare,Hrobarovi,Hrobare,Hrobari,Hrobarovi,Hrobarem
Hroziv ,F,Hroziv,Hroziv,Hrozivou,Hroziv ,Hroziv,Hrozivou
Hrozivy,M,Hrozivho,Hrozivmu,Hrozivho,Hrozivy,Hrozivm,Hrozivym
Hrozn ,F,Hrozn,Hrozn,Hroznou,Hrozn ,Hrozn,Hroznou
Hrozny,M,Hroznho,Hroznmu,Hroznho,Hrozny,Hroznm,Hroznym
Hrub ,F,Hrub,Hrub,Hrubou,Hrub ,Hrub,Hrubou
Hruby,M,Hrubho,Hrubmu,Hrubho,Hruby,Hrubm,Hrubym
Hubat ,F,Hubat,Hubat,Hubatou,Hubat ,Hubat,Hubatou
Hubaty,M,Hubatho,Hubatmu,Hubatho,Hubaty,Hubatm,Hubatym
Huben ,F,Huben,Huben,Hubenou,Huben ,Huben,Hubenou
Hubeny,M,Hubenho,Hubenmu,Hubenho,Hubeny,Hubenm,Hubenym
Hustovlas ,F,Hustovlas,Hustovlas,Hustovlasou,Hustovlas ,Hustovlas,Hustovlasou
Hustovlasy,M,Hustovlasho,Hustovlasmu,Hustovlasho,Hustovlasy,Hustovlasm,Hustovlasym
Jantarov ,F,Jantarov,Jantarov,Jantarovou,Jantarov ,Jantarov,Jantarovou
Jantarovy,M,Jantarovho,Jantarovmu,Jantarovho,Jantarovy,Jantarovm,Jantarovym
Jednonoh ,F,Jednonoh,Jednonoh,Jednonohou,Jednonoh ,Jednonoh,Jednonohou
Jednonohy,M,Jednonohho,Jednonohmu,Jednonohho,Jednonohy,Jednonohm,Jednonohym
Jednook ,F,Jednook,Jednook,Jednookou,Jednook ,Jednook,Jednookou
Jednooky,M,Jednookho,Jednookmu,Jednookho,Jednooky,Jednookm,Jednookym
Jednoprs ,F,Jednoprs,Jednoprs,Jednoprsou,Jednoprs ,Jednoprs,Jednoprsou
Jednoruk ,F,Jednoruk,Jednoruk,Jednorukou,Jednoruk ,Jednoruk,Jednorukou
Jednoruky,M,Jednorukho,Jednorukmu,Jednorukho,Jednoruky,Jednorukm,Jednorukym
Jednouch ,F,Jednouch,Jednouch,Jednouchou,Jednouch ,Jednouch,Jednouchou
Jednouchy,M,Jednouchho,Jednouchmu,Jednouchho,Jednouchy,Jednouchm,Jednouchym
Jesitn ,F,Jesitn,Jesitn,Jesitnou,Jesitn ,Jesitn,Jesitnou
Jesitny,M,Jesitnho,Jesitnmu,Jesitnho,Jesitny,Jesitnm,Jesitnym
Karbanice,F,Karbanice,Karbanici,Karbanici,Karbanice,Karbanici,KarbanicĄ
KarbanĄk,M,KarbanĄka,KarbanĄkovi,KarbanĄka,KarbanĄku,KarbanĄkovi,KarbanĄkem
Kastanov ,F,Kastanov,Kastanov,Kastanovou,Kastanov ,Kastanov,Kastanovou
Kastanovy,M,Kastanovho,Kastanovmu,Kastanovho,Kastanovy,Kastanovm,Kastanovym
Kazatel,M,Kazatele,Kazatelovi,Kazatele,Kazateli,Kazatelovi,Kazatelem
Kazatelka,F,Kazatelky,Kazatelce,Kazatelku,Kazatelko,Kazatelce,Kazatelkou
KejklĄr,M,KejklĄre,KejklĄrovi,KejklĄre,KejklĄri,KejklĄrovi,KejklĄrem
KejklĄrka,F,KejklĄrky,KejklĄrce,KejklĄrku,KejklĄrko,KejklĄrce,KejklĄrkou
Kl tiv ,F,Kl tiv,Kl tiv,Kl tivou,Kl tiv ,Kl tiv,Kl tivou
Kl tivy,M,Kl tivho,Kl tivmu,Kl tivho,Kl tivy,Kl tivm,Kl tivym
Klidn ,F,Klidn,Klidn,Klidnou,Klidn ,Klidn,Klidnou
Klidny,M,Klidnho,Klidnmu,Klidnho,Klidny,Klidnm,Klidnou
Koktav ,F,Koktav,Koktav,Koktavou,Koktav ,Koktav,Koktavou
Koktavy,M,Koktavho,Koktavmu,Koktavho,Koktavy,Koktavm,Koktavym
Kolozub ,F,Kolozub,Kolozub,Kolozubou,Kolozub ,Kolozub,Kolozubou
Kolozuby,M,Kolozubho,Kolozubmu,Kolozubho,Kolozuby,Kolozubho,Kolozubmu
Korunovan ,F,Korunovan,Korunovan,Korunovanou,Korunovan ,Korunovan,Korunovanou
Korunovany,M,Korunovanho,Korunovanmu,Korunovanho,Korunovany,Korunovanm,Korunovanym
Kostliv ,F,Kostliv,Kostliv,Kostlivou,Kostlivy,Kostliv,Kostlivou
Kostlivy,M,Kostlivho,Kostlivmu,Kostlivho,Kostlivy,Kostlivm,Kostlivym
Kostnat ,F,Kostnat,Kostnat,Kostnatou,Kostnat ,Kostnat,Kostnatou
Kostnaty,M,Kostnatho,Kostnatmu,Kostnatho,Kostnaty,Kostnatm,Kostnatym
Kr lovsk ,F,Kr lovsk,Kr lovsk,Kr lovskou,Kr lovsk ,Kr lovsk,Kr lovskou
Kr lovsky,M,Kr lovskho,Kr lovskmu,Kr lovskho,Kr lovsky,Kr lovskm,Kr lovskym
Kr sn ,F,Kr sn,Kr sn,Kr snou,Kr sn ,Kr sn,Kr snou
Kr sny,M,Kr snho,Kr snmu,Kr snho,Kr sny,Kr snm,Kr snym
Kr tk ,F,Kr tk,Kr tk,Kr tkou,Kr tk ,Kr tk,Kr tkou
Kr tkonoh ,F,Kr tkonoh,Kr tkonoh,Kr tkonohou,Kr tkonoh ,Kr tkonoh,Kr tkonohou
Kr tkonohy,M,Kr tkonohho,Kr tkonohmu,Kr tkonohho,Kr tkonohy,Kr tkonohm,Kr tkonohym
Kr tkoruk ,F,Kr tkoruk,Kr tkoruk,Kr tkorukou,Kr tkoruk ,Kr tkoruk,Kr tkorukou
Kr tkoruky,M,Kr tkorukho,Kr tkorukmu,Kr tkorukho,Kr tkoruky,Kr tkorukm,Kr tkorukym
Kr tky,M,Kr tkho,Kr tkmu,Kr tkho,Kr tky,Kr tkm,Kr tkym
Krotk ,F,Krotk,Krotk,Krotkou,Krotk ,Krotk,Krotkou
Krotky,M,Krotkho,Krotkmu,Krotkho,Krotky,Krotkm,Krotkym
Krut ,F,Krut,Krut,Krutou,Krut ,Krut,Krutou
Kruty,M,Krutho,Krutmu,Krutho,Kruty,Krutm,Krutym
Krvelacn ,F,Krvelacn,Krvelacn,Krvelacnou,Krvelacn ,Krvelacn,Krvelacnou
Krvelacny,M,Krvelacnho,Krvelacnmu,Krvelacnho,Krvelacny,Krvelacnm,Krvelacnym
Krist lov ,F,Krist lov,Krist lov,Krist lovou,Krist lov ,Krist lov,Krist lovou
Krist lovy,M,Krist lovho,Krist lovmu,Krist lovho,Krist lovy,Krist lovm,Krist lovym
Kriv ,F,Kriv,Kriv,Krivou,Kriv ,Kriv,Krivou
Krivohub ,F,Krivohub,Krivohub,Krivohubou,Krivohub ,Krivohub,Krivohubou
Krivohuby,M,Krivohubho,Krivohubmu,Krivohubho,Krivohuby,Krivohubm,Krivohubym
Krivonoh ,F,Krivonoh,Krivonoh,Krivonohou,Krivonoh ,Krivonoh,Krivonohou
Krivonohy,M,Krivonohho,Krivonohmu,Krivonohho,Krivonohy,Krivonohm,Krivonohym
Krivoruk ,F,Krivoruk,Krivoruk,Krivorukou,Krivoruk ,Krivoruk,Krivorukou
Krivoruky,M,Krivorukho,Krivorukmu,Krivorukho,Krivoruky,Krivorukm,Krivorukym
Krivozub ,F,Krivozub,Krivozub,Krivozubou,Krivozub ,Krivozub,Krivozubou
Krivozuby,M,Krivozubho,Krivozubmu,Krivozubho,Krivozuby,Krivozubm,Krivozubm
Krivy,M,Krivho,Krivmu,Krivho,Krivy,Krivm,Krivym
Kuchar,M,Kuchare,Kucharovi,Kuchare,Kuchari,Kucharovi,Kucharem
Kucharka,F,Kucharky,Kucharce,Kucharku,Kucharko,Kucharce,Kucharkou
KuchtĄk,M,KuchtĄka,KuchtĄkovi,KuchtĄka,KuchtĄku,KuchtĄkovi,KuchtĄkem
Kudla,F,Kudly,Kudle,Kudlu,Kudlo,Kudle,Kudlou
Kudla,M,Kudly,Kudlovi,Kudlu,Kudlo,Kudlovi,Kudlou
Kudrnat ,F,Kudrnat,Kudrnat,Kudrnatou,Kudrnat ,Kudrnat,Kudrnatou
Kudrnaty,M,Kudrnatho,Kudrnatmu,Kudrnatho,Kudrnaty,Kudrnatm,Kudrnatym
Kukla,F,Kukly,Kukle,Kuklu,Kuklo,Kukle,Kuklou
Kukla,M,Kukly,Kuklovi,Kuklu,Kuklo,Kuklovi,Kuklou
Kulat ,F,Kulat,Kulat,Kulatou,Kulat ,Kulat,Kulatou
Kulatouck ,F,Kulatouck,Kulatouck,Kulatouckou,Kulatouck ,Kulatouck,Kulatouckou
Kulatoucky,M,Kulatouckho,Kulatouckmu,Kulatouckho,Kulatoucky,Kulatouckm,Kulatouckym
Kulaty,M,Kulatho,Kulatmu,Kulatho,Kulaty,Kulatm,Kulatym
KulhajĄcĄ,F,KulhajĄcĄ,KulhajĄcĄ,KulhajĄcĄ,KulhajĄcĄ,KulhajĄcĄ,KulhajĄcĄ
KulhajĄcĄ,M,KulhajĄcĄho,KulhajĄcĄmu,KulhajĄcĄho,KulhajĄcĄ,KulhajĄcĄm,KulhajĄcĄm
Kulhav ,F,Kulhav,Kulhav,Kulhavou,Kulhav ,Kulhav,Kulhavou
Kulhavy,M,Kulhavho,Kulhavmu,Kulhavho,Kulhavy,Kulhavm,Kulhavym
Lacn ,F,Lacn,Lacn,Lacnou,Lacn ,Lacn,Lacnou
Lacny,M,Lacnho,Lacnmu,Lacnho,Lacny,Lacnm,Lacnym
Laskav ,F,Laskav,Laskav,Laskavou,Laskav ,Laskav,Laskavou
Laskavy,M,Laskavho,Laskavmu,Laskavho,Laskavy,Laskavm,Laskavym
Lcitel,M,Lcitele,Lcitelovi,Lcitele,Lciteli,Lcitelovi,Lcitelem
Lcitelka,F,Lcitelky,Lcitelce,Lcitelku,Lcitelko,Lcitelce,Lcitelkou
Lehkomysln ,F,Lehkomysln,Lehkomysln,Lehkomyslnou,Lehkomysln ,Lehkomysln,Lehkomyslnou
Lehkomyslny,M,Lehkomyslnho,Lehkomyslnmu,Lehkomyslnho,Lehkomyslny,Lehkomyslnm,Lehkomyslnym
Lehkov zn ,F,Lehkov zn,Lehkov zn,Lehkov znou,Lehkov zn ,Lehkov zn,Lehkov znou
Lehkov zny,M,Lehkov znho,Lehkov znmu,Lehkov znho,Lehkov zny,Lehkov znm,Lehkov znym
Lehkovern ,F,Lehkovern,Lehkovern,Lehkovernou,Lehkovern ,Lehkovern,Lehkovernou
Lehkoverny,M,Lehkovernho,Lehkovernmu,Lehkovernho,Lehkoverny,Lehkovernm,Lehkovernym
Leniv ,F,Leniv,Leniv,Lenivou,Leniv ,Leniv,Lenivou
Lenivy,M,Lenivho,Lenivmu,Lenivho,Lenivy,Lenivm,Lenivym
Lev ,F,Lev,Lev,Levou,Lev ,Lev,Levou
Levoruk ,F,Levoruk,Levoruk,Levorukou,Levoruk ,Levoruk,Levorukou
Levoruky,M,Levorukho,Levorukmu,Levorukho,Levoruky,Levorukm,Levorukym
Levy,M,Levho,Levmu,Levho,Levy,Levm,Levym
LĄbezn ,F,LĄbezn,LĄbezn,LĄbeznou,LĄbezn ,LĄbezn,LĄbeznou
LĄbezny,M,LĄbeznho,LĄbeznmu,LĄbeznho,LĄbezny,LĄbeznm,LĄbeznym
LĄn ,F,LĄn,LĄn,LĄnou,LĄn ,LĄn,LĄnou
LĄny,M,LĄnho,LĄnmu,LĄnho,LĄny,LĄnm,LĄnym
Loudav ,F,Loudav,Loudav,Loudavou,Loudav ,Loudav,Loudavou
Loudavy,M,Loudavho,Loudavmu,Loudavho,Loudavy,Loudavm,Loudavym
Loupeznice,F,Loupeznice,Loupeznici,Loupeznici,Loupeznice,Loupeznici,LoupeznicĄ
LoupeznĄk,M,LoupeznĄka,LoupeznĄkovi,LoupeznĄka,LoupeznĄku,LoupeznĄkovi,LoupeznĄkem
Lucistnice,F,Lucistnice,Lucistnici,Lucistnici,Lucistnice,Lucistnici,LucistnicĄ
LucistnĄk,M,LucistnĄka,LucistnĄkovi,LucistnĄka,LucistnĄku,LucistnĄkovi,LucistnĄkem
Lupic,M,Lupice,Lupicovi,Lupice,Lupici,Lupicovi,Lupicem
Lupicka,F,Lupicky,Lupicce,Lupicku,Lupicko,Lupicce,Lupickou
Lys ,F,Lys,Lys,Lysou,Lys ,Lys,Lysou
Lysy,M,Lysho,Lysmu,Lysho,Lysy,Lysm,Lysym
Macat ,F,Macat,Macat,Macatou,Macat ,Macat,Macatou
Magick ,F,Magick,Magick,Magickou,Magick ,Magick,Magickou
Magicky,M,Magickho,Magickmu,Magickho,Magicky,Magickm,Magickym
Mal ,F,Mal,Mal,Malou,Mal ,Mal,Malou
Malachitov ,F,Malachitov,Malachitov,Malachitovou,Malachitov ,Malachitov,Malachitovou
Malachitovy,M,Malachitovho,Malachitovmu,Malachitovho,Malachitovy,Malachitovm,Malachitovym
M lomluvn ,F,M lomluvn,M lomluvn,M lomluvnou,M lomluvn ,M lomluvn,M lomluvnou
M lomluvny,M,M lomluvnho,M lomluvnmu,M lomluvnho,M lomluvny,M lomluvnm,M lomluvnym
Malovern ,F,Malovern,Malovern,Malovernou,Malovern ,Malovern,Malovernou
Maloverny,M,Malovernho,Malovernmu,Malovernho,Maloverny,Malovernm,Malovernym
Maly,M,Malho,Malmu,Malho,Maly,Malm,Malym
Medvedobijec,M,Medvedobijce,Medvedobijcovi,Medvedobijce,Medvedobijce,Medvedobijcovi,Medvedobijcem
Medvedobijka,F,Medvedobijky,Medvedobijce,Medvedobijku,Medvedobijko,Medvedobijce,Medvedobijkou
Mentor,M,Mentora,Mentorovi,Mentora,Mentore,Mentorovi,Mentorem
Mesi s,M,Mesi se,Mesi sovi,Mesi se,Mesi si,Mesi sovi,Mesi sem
MesĄcnĄ,F,MesĄcnĄ,MesĄcnĄ,MesĄcnĄ,MesĄcnĄ,MesĄcnĄ,MesĄcnĄ
MesĄcnĄ,M,MesĄcnĄho,MesĄcnĄmu,MesĄcnĄho,MesĄcnĄ,MesĄcnĄm,MesĄcnĄm
Mil ,F,Mil,Mil,Milou,Mil ,Mil,Milou
Milosrdn ,F,Milosrdn,Milosrdn,Milosrdnou,Milosrdn ,Milosrdn,Milosrdnou
Milosrdny,M,Milosrdnho,Milosrdnmu,Milosrdnho,Milosrdny,Milosrdnm,Milosrdnym
Milostipln ,F,Milostipln,Milostipln,Milostiplnou,Milostipln ,Milostipln,Milostiplnou
Milostiplny,M,Milostiplnho,Milostiplnmu,Milostiplnho,Milostiplny,Milostiplnm,Milostiplnym
Milostn ,F,Milostn,Milostn,Milostnou,Milostn ,Milostn,Milostnou
Milostny,M,Milostnho,Milostnmu,Milostnho,Milostny,Milostnm,Milostnym
Milovan ,F,Milovan,Milovan,MIlovanou,Milovan ,Milovan,Milovanou
Milovany,M,Milovanho,Milovanho,Milovanmu,Milovany,Milovanm,Milovanym
MilujĄcĄ,F,MilujĄcĄ,MilujĄcĄ,MilujĄcĄ,MilujĄcĄ,MilujĄcĄ,MilujĄcĄ
MilujĄcĄ,M,MilujĄcĄho,MilujĄcĄmu,MilujĄcĄho,MilujĄcĄ,MilujĄcĄm,MilujĄcĄm
Mily,M,Milho,Milmu,Milho,Mily,Milm,Milym
MĄrumilovn ,F,MĄrumilovn,MĄrumilovn,MĄrumilovnou,MĄrumilovn ,MĄrumilovn,MĄrumilovnou
MĄrumilovny,M,MĄrumilovnho,MĄrumilovnmu,MĄrumilovnho,MĄrumilovny,MĄrumilovnm,MĄrumilovnym
Mistr,M,Mistra,Mistrovi,Mistra,Mistre,Mistrovi,Mistrem
Mistryne,F,Mistryne,Mistryni,Mistryni,Mistryne,Mistryni,MistrynĄ
Mlad ,F,Mlad,Mlad,Mladou,Mlad ,Mlad,Mladou
MladsĄ,F,MladsĄ,MladsĄ,MladsĄ,MladsĄ,MladsĄ,MladsĄ
MladsĄ,M,MladsĄho,MladsĄmu,MladsĄho,MladsĄ,MladsĄm,MladsĄm
Mlady,M,Mladho,Mladmu,Mladho,Mlady,Mladm,Mladym
Mlsn ,F,Mlsn,Mlsn,Mlsnou,Mlsn ,Mlsn,Mlsnou
Mlsny,M,Mslnho,Mlsnmu,Mlsnho,Mlsny,Mlsnm,Mlsnym
Mocn ,F,Mocn,Mocn,Mocnou,Mocn ,Mocn,Mocnou
Mocny,M,Mocnho,Mocnmu,Mocnho,Mocny,Mocnm,Mocnym
Modr ,F,Modr,Modr,Modrou,Modr ,Modr,Modrou
Modrook ,F,Modrook,Modrook,Modrookou,Modrook ,Modrook,Modrookou
Modrooky,M,Modrookho,Modrookmu,Modrookho,Modrooky,Modrookm,Modrookym
Modrovlas ,F,Modrovlas,Modrovlas,Modrovlasou,Modrovlas ,Modrovlas,Modrovlasou
Modrovlasy,M,Modrovlasho,Modrovlasmu,Modrovlasho,Modrovlasy,Modrovlasm,Modrovlasym
Modrovous ,F,Modrovous,Modrovous,Modrovousou,Modrovous ,Modrovous,Modrovousou
Modrovousy,M,Modrovousho,Modrovousmu,Modrovousho,Modrovousy,Modrovousm,Modrovousym
Modry,M,Modrho,Modrmu,Modrho,Modry,Modrm,Modrym
Mokrook ,F,Mokrook,Mokrook,Mokrookou,Mokrook ,Mokrook,Mokrookou
Mokrooky,M,Mokrookho,Mokrookmu,Mokrookho,Mokrooky,Mokrookm,Mokrookym
Moudr ,F,Moudr,Moudr,Moudrou,Moudr ,Moudr,Moudrou
Moudry,M,Moudrho,Moudrmu,Moudrho,Moudry,Moudrm,Moudrym
MŁza,F,MŁzy,MŁze,MŁzu,MŁzo,MŁze,MŁzou
Muzny,M,Muznho,Muznmu,Muznho,Muzny,Muznm,Muznym
Mystick ,F,Mystick,Mystick,Mystickou,Mystick ,Mystick,Mystickou
Mysticky,M,Mystickho,Mystickmu,Mystickho,Mysticky,Mystickm,Mystickym
Nachov ,F,Nachov,Nachov,Nachovou,Nachov ,Nachov,Nachovou
Nachovy,M,Nachovho,Nachovmu,Nachovho,Nachovy,Nachovm,Nachovym
Nadan ,F,Nadan,Nadan,Nadanou,Nadan ,Nadan,Nadanou
Nadany,M,Nadanho,Nadanmu,Nadanho,Nadany,Nadanm,Nadanym
Nadrzen ,F,Nadrzen,Nadrzen,Nadrzenou,Nadrzen ,Nadrzen,Nadrzenou
Nadrzeny,M,Nadrzenho,Nadrzenmu,Nadrzenho,Nadrzeny,Nadrzenm,Nadrzenym
Nadut ,F,Nadut,Nadut,Nadutou,Nadut ,Nadut,Nadutou
Naduty,M,Nadutho,Nadutmu,Nadutho,Naduty,Nadutm,Nadutym
Nafoukan ,F,Nafoukan,Nafoukan,Nafoukanou,Nafoukan ,Nafoukan,Nafoukanou
Nafoukany,M,Nafoukanho,Nafoukanmu,Nafoukanho,Nafoukany,Nafoukanm,Nafoukanym
Nahluchl ,F,Nahluchl,Nahluchl,Nahluchlou,Nahluchl ,Nahluchl,Nahluchlou
Nahluchly,M,Nahluchlho,Nahluchlmu,Nahluchlho,Nahluchly,Nahluchlm,Nahluchlym
N ladov ,F,N ladov,N ladov,N ladovou,N ladov ,N ladov,N ladovou
N ladovy,M,N ladovho,N ladovmu,N ladovho,N ladovy,N ladovm,N ladovym
Nalezen ,F,Nalezen,Nalezen,Nalezenou,Nalezen ,Nalezen,Nalezenou
Nalezeny,M,Nalezenho,Nalezenmu,Nalezenho,Nalezeny,Nalezenm,Nalezenym
N mesĄcn ,F,N mesĄcn,N mesĄcn,N mesĄcnou,N mesĄcn ,N mesĄcn,N mesĄcnou
N mesĄcny,M,N mesĄcnho,N mesĄcnmu,N mesĄcnho,N mesĄcny,N mesĄcnm,N mesĄcnym
Nebesk ,F,Nebesk,Nebesk,Nebeskou,Nebesk ,Nebesk,Nebeskou
Nebesky,M,Nebeskho,Nebeskmu,Nebeskho,Nebesky,Nebeskm,Nebeskym
Nebezpecn ,F,Nebezpecn,Nebezpecn,Nebezpecnou,Nebezpecn ,Nebezpecn,Nebezpecnou
Nebezpecny,M,Nebezpecnho,Nebezpecnmu,Nebezpecnho,Nebezpecny,Nebezpecnm,Nebezpecnym
Necudn ,F,Necudn,Necudn,Necudnou,Necudn ,Necudn,Necudnou
Necudny,M,Necudnho,Necudnmu,Necudnho,Necudny,Necudnm,Necudnym
Necestn ,F,Necestn,Necestn,Necestnou,Necestn ,Necestn,Necestnou
Necestny,M,Necestnho,Necestnmu,Necestnho,Necestny,Necestnm,Necestnym
Nedobr ,F,Nedobr,Nedobr,Nedobrou,Nedobr ,Nedobr,Nedobrou
Nedobry,M,Nedobrho,Nedobrmu,Nedobrho,Nedobry,Nedobrm,Nedobrym
Nefritov ,F,Nefritov,Nefritov,Nefritovou,Nefritov ,Nefritov,Nefritovou
Nefritovy,M,Nefritovho,Nefritovmu,Nefritovho,Nefritovy,Nefritovm,Nefritovym
Negramotn ,F,Negramotn,Negramotn,Negramotnou,Negramotn ,Negramotn,Negramotnou
Negramotny,M,Negramotnho,Negramotnho,Negramotnho,Negramotny,Negramotnm,Negramotnym
Nehmotn ,F,Nehmotn,Nehmotn,Nehmotnou,Nehmotn ,Nehmotn,Nehmotnou
Nehmotny,M,Nehmotnho,Nehmotnmu,Nehmotnho,Nehmotny,Nehmotnm,Nehmotnym
Neklidn ,F,Neklidn,Neklidn,Neklidnou,Neklidn ,Neklidn,Neklidnou
Neklidny,M,Neklidnho,Neklidnmu,Neklidnho,Neklidny,Neklidnm,Neklidnym
Nekromant,M,Nekromanta,Nekromantovi,Nekromanta,Nekromante,Nekromantovi,Nekromantem
Nemilosrdn ,F,Nemilosrdn,Nemilosrdn,Nemilosrdnou,Nemilosrdn ,Nemilosrdn,Nemilosrdnou
Nemilosrdny,M,Nemilosrdnho,Nemilosrdnmu,Nemilosrdnho,Nemilosrdny,Nemilosrdnm,Nemilosrdnym
Nemocn ,F,Nemocn,Nemocn,Nemocnou,Nemocn ,Nemocn,Nemocnou
Nemocny,M,Nemocnho,Nemocnmu,Nemocnho,Nemocny,Nemocnm,Nemocnym
Nemotorn ,F,Nemotorn,Nemotorn,Nemotornou,Nemotorn ,Nemotorn,Nemotornou
Nemotorny,M,Nemotornho,Nemotornmu,Nemotornho,Nemotorny,Nemotornm,Nemotornym
Nemravn ,F,Nemravn,Nemravn,Nemravnou,Nemravn ,Nemravn,Nemravnou
Nemravny,M,Nemravnho,Nemravnmu,Nemravnho,Nemravny,Nemravnm,Nemravnym
Nenarozen ,F,Nenarozen,Nenarozen,Nenarozenou,Nenarozen ,Nenarozen,Nenarozenou
Nenarozeny,M,Nenarozenho,Nenarozenmu,Nenarozenho,Nenarozeny,Nenarozenm,Nenarozenym
Nen viden ,F,Nen viden,Nen viden,Nen videnou,Nen viden ,Nen viden,Nen videnou
Nen videny,M,Nen videnho,Nen videnmu,Nen videnho,Nen videny,Nen videnm,Nen videnym
Nen vistn ,F,Nen vistn,Nen vistn,Nen vistnou,Nen vistn ,Nen vistn,Nen vistnou
Nen vistny,M,Nen vistnho,Nen vistnmu,Nen vistnho,Nen vistny,Nen vistnm,Nen vistnym
Nenazran ,F,Nenazran,Nenazran,Nenazranou,Nenazran ,Nenazran,Nenazranou
Nenazrany,M,Nenazranho,Nenazranmu,Nenazranho,Nenazrany,Nenazranm,Nenazranym
Neomyln ,F,Neomyln,Neomyln,Neomylnou,Neomyln ,Neomyln,Neomylnou
Neomylny,M,Neomylnho,Neomylnmu,Neomylnho,Neomylny,Neomylnm,Neomylnym
Neopatrn ,F,Neopatrn,Neopatrn,Neopatrnou,Neopatrn ,Neopatrn,Neopatrnou
Neopatrny,M,Neopatrnho,Neopatrnmu,Neopatrnho,Neopatrny,Neopatrnm,Neopatrnym
Nepoddajn ,F,Nepoddajn,Nepoddajn,Nepoddajnou,Nepoddajn ,Nepoddajn,Nepoddajnou
Nepoddajny,M,Nepoddajnho,Nepoddajnmu,Nepoddajnho,Nepoddajny,Nepoddajnm,Nepoddajnym
Neposedn ,F,Neposedn,Neposedn,Neposednou,Neposedn ,Neposedn,Neposednou
Neposedny,M,Neposednho,Neposednmu,Neposednho,Neposedny,Neposednm,Neposednym
Neposkvrnen ,F,Neposkvrnen,Neposkvrnen,Neposkvrnenou,Neposkvrnen ,Neposkvrnen,Neposkvrnenou
Neposkvrneny,M,Neposkvrnenho,Neposkvrnenmu,Neposkvrnenho,Neposkvrneny,Neposkvrnenm,Neposkvrnenym
Nepr telsk ,F,Nepr telsk,Nepr telsk,Nepr telskou,Nepr telsk ,Nepr telsk,Nepr telskou
Nepr telsky,M,Nepr telskho,Nepr telskmu,Nepr telskho,Nepr telsky,Nepr telskm,Nepr telskym
NepredvĄdateln ,F,NepredvĄdateln,NepredvĄdateln,NepredvĄdatelnou,NepredvĄdateln ,NepredvĄdateln,NepredvĄdatelnou
NepredvĄdatelny,M,NepredvĄdatelnho,NepredvĄdatelnmu,NepredvĄdatelnho,NepredvĄdatelny,NepredvĄdatelnm,NepredvĄdatelnym
Neprekonateln ,F,Neprekonateln,Neprekonateln,Neprekonatelnou,Neprekonateln ,Neprekonateln,Neprekonatelnou
Neprekonatelny,M,Neprekonatelnho,Neprekonatelnmu,Neprekonatelnho,Neprekonatelny,Neprekonatelnm,Neprekonatelnym
Nepremoziteln ,F,Nepremoziteln,Nepremoziteln,Nepremozitelnou,Nepremoziteln ,Nepremoziteln,Nepremozitelnou
Nepremozitelny,M,Nepremozitelnho,Nepremozitelnmu,Nepremozitelnho,Nepremozitelny,Nepremozitelnm,Nepremozitelnym
NeprĄcetn ,F,NeprĄcetn,NeprĄcetn,NeprĄcetnou,NeprĄcetn ,NeprĄcetn,NeprĄcetnou
NeprĄcetny,M,NeprĄcetnho,NeprĄcetnmu,NeprĄcetnho,NeprĄcetny,NeprĄcetnm,NeprĄcetnym
Nerudn ,F,Nerudn,Nerudn,Nerudnou,Nerudn ,Nerudn,Nerudnou
Nerudny,M,Nerudnho,Nerudnmu,Nerudnho,Nerudny,Nerudnm,Nerudnym
Nerestn ,F,Nerestn,Nerestn,Nerestnou,Nerestn ,Nerestn,Nerestnou
Nerestny,M,Nerestnho,Nerestnmu,Nerestnho,Nerestny,Nerestnm,Nerestnym
Neslusn ,F,Neslusn,Neslusn,Neslusnou,Neslusn ,Neslusn,Neslusnou
Neslusny,M,Neslusnho,Neslusnmu,Neslusnho,Neslusny,Neslusnm,Neslusnym
Nesmel ,F,Nesmel,Nesmel,Nesmelou,Nesmel ,Nesmel,Nesmelou
Nesmely,M,Nesmelho,Nesmelmu,Nesmelho,Nesmely,Nesmelm,Nesmelym
Nesmiriteln ,F,Nesmiriteln,Nesmiriteln,Nesmiritelnou,Nesmiriteln ,Nesmiriteln,Nesmiritelnou
Nesmiritelny,M,Nesmiritelnho,Nesmiritelnmu,Nesmiritelnho,Nesmiritelny,Nesmiritelnm,Nesmiritelnym
Nesmrteln ,F,Nesmrteln,Nesmrteln,Nesmrtelnou,Nesmrteln ,Nesmrteln,Nesmrtelnou
Nesmrtelny,M,Nesmrtelnho,Nesmrtelnmu,Nesmrtelnho,Nesmrtelny,Nesmrtelnm,Nesmrtelnym
Nestoudn ,F,Nestoudn,Nestoudn,Nestoudnou,Nestoudn ,Nestoudn,Nestoudnou
Nestoudny,M,Nestoudnho,Nestoudnmu,Nestoudnho,Nestoudny,Nestoudnm,Nestoudnym
Nestvurn ,F,Nestvurn,Nestvurn,Nestvurnou,Nestvurn ,Nestvurn,Nestvurnou
Nestvurny,M,Nestvurnho,Nestvurnmu,Nestvurnho,Nestvurny,Nestvurnm,Nestvurnym
Nestastn ,F,Nestastn,Nestastn,Nestastnou,Nestastn ,Nestastn,Nestastnou
Nestastny,M,Nestastnho,Nestastnmu,Nestastnho,Nestastny,Nestastnm,Nestastnym
Netecn ,F,Netecn,Netecn,Netecnou,Netecn ,Netecn,Netecnou
Netecny,M,Netecnho,Netecnmu,Netecnho,Netecny,Netecnm,Netecnym
Netrpeliv ,F,Netrpeliv,Netrpeliv,Netrpelivou,Netrpeliv ,Netrpeliv,Netrpelivou
Netrpelivy,M,Netrpelivho,Netrpelivmu,Netrpelivho,Netrpelivy,Netrpelivm,Netrpelivym
Netvor,F,Netvora,Netvorovi,Netvora,Netvore,Netvorovi,Netvorem
Netvor,M,Netvora,Netvorovi,Netvora,Netvore,Netvorovi,Netvorem
NeŁprosn ,F,NeŁprosn,NeŁprosn,NeŁprosnou,NeŁprosn ,NeŁprosn,NeŁprosnou
NeŁprosny,M,NeŁprosnho,NeŁprosnmu,NeŁprosnho,NeŁprosny,NeŁprosnm,NeŁprosnym
Nevdecn ,F,Nevdecn,Nevdecn,Nevdecnou,Nevdecn ,Nevdecn,Nevdecnou
Nevdecny,M,Nevdecnho,Nevdecnmu,Nevdecnho,Nevdecny,Nevdecnm,Nevdecnym
Neverec,M,Neverce,Neverci,Neverce,Neverce,Neverci,Nevercem
Nevern ,F,Nevern,Nevern,Nevernou,Nevern ,Nevern,Nevernou
Neverny,M,Nevernho,Nevernmu,Nevernho,Neverny,Nevernm,Nevernym
NeverĄcĄ,F,NeverĄcĄ,NeverĄcĄ,NeverĄcĄ,NeverĄcĄ,NeverĄcĄ,NeverĄcĄ
NeverĄcĄ,M,NeverĄcĄho,NeverĄcĄmu,NeverĄcĄho,NeverĄcĄ,NeverĄcĄm,NeverĄcĄm
Nevesel ,F,Nevesel,Nevesel,Neveselou,Nevesel ,Nevesel,Neveselou
Nevesely,M,Neveselho,Neveselmu,Neveselho,Nevesely,Neveselm,Neveselym
Nevesta,F,Nevesty,Neveste,Nevestu,Nevesto,Neveste,Nevestou
Neviditeln ,F,Neviditeln,Neviditeln,Neviditelnou,Neviditeln ,Neviditeln,Neviditelnou
Neviditelny,M,Neviditelnho,Neviditelnmu,Neviditelnho,Neviditelny,Neviditelnm,Neviditelnym
Nevraziv ,F,Nevraziv,Nevraziv,Nevrazivou,Nevraziv ,Nevraziv,Nevrazivou
Nevrazivy,M,Nevrazivho,Nevrazivmu,Nevrazivho,Nevrazivy,Nevrazivm,Nevrazivym
Nevychovan ,F,Nevychovan,Nevychovan,Nevychovanou,Nevychovan ,Nevychovan,Nevychovanou
Nevychovany,M,Nevychovanho,Nevychovanmu,Nevychovanho,Nevychovany,Nevychovanm,Nevychovanym
Nevyzpytateln ,F,Nevyzpytateln,Nevyzpytateln,Nevyzpytatelnou,Nevyzpytateln ,Nevyzpytateln,Nevyzpytatelnou
Nevyzpytatelny,M,Nevyzpytatelnho,Nevyzpytatelnmu,Nevyzpytatelnho,Nevyzpytatelny,Nevyzpytatelnm,Nevyzpytatelnym
Nevzdelan ,F,Nevzdelan,Nevzdelan,Nevzdelanou,Nevzdelan ,Nevzdelan,Nevzdelanou
Nevzdelany,M,Nevzdelanho,Nevzdelanmu,Nevzdelanho,Nevzdelany,Nevzdelanm,Nevzdelanym
Nevzhledn ,F,Nevzhledn,Nevzhledn,Nevzhlednou,Nevzhledn ,Nevzhledn,Nevzhlednou
Nevzhledny,M,Nevzhlednho,Nevzhlednmu,Nevzhlednho,Nevzhledny,Nevzhlednm,Nevzhlednym
Nezbedn ,F,Nezbedn,Nezbedn,Nezbednou,Nezbedn ,Nezbedn,Nezbednou
Nezbedny,M,Nezbednho,Nezbednmu,Nezbednho,Nezbedny,Nezbednm,Nezbednym
Nezdoln ,F,Nezdoln,Nezdoln,Nezdolnou,Nezdoln ,Nezdoln,Nezdoln
Nezdolny,M,Nezdolnho,Nezdolnmu,Nezdolnho,Nezdolny,Nezdolnm,Nezdolnym
Nezkrotn ,F,Nezkrotn,Nezkrotn,Nezkrotnou,Nezkrotn ,Nezkrotn,Nezkrotnou
Nezkrotny,M,Nezkrotnho,Nezkrotnmu,Nezkrotnho,Nezkrotny,Nezkrotnm,Nezkrotnym
Nezkusen ,F,Nezkusen,Nezkusen,Nezkusenou,Nezkusen ,Nezkusen,Nezkusenou
Nezkuseny,M,Nezkusenho,Nezkusenmu,Nezkusenho,Nezkuseny,Nezkusenm,Nezkusenym
Nezlomn ,F,Nezlomn,Nezlomn,Nezlomnou,Nezlomn ,Nezlomn,Nezlomnou
Nezlomny,M,Nezlomnho,Nezlomnmu,Nezlomnho,Nezlomny,Nezlomnm,Nezlomnym
Nicemn ,F,Nicemn,Nicemn,Nicemnou,Nicemn ,Nicemn,Nicemnou
Nicemny,M,Nicemnho,Nicemnmu,Nicemnho,Nicemny,Nicemnm,Nicemnym
Nicitel,M,Nicitele,Nicitelovi,Nicitele,Niciteli,Nicitelovi,Nicitelem
Nicitelka,F,Nicitelky,Nicitelce,Nicitelku,Nicitelko,Nicitelce,Nicitelkou
Nimrod,M,Nimroda,Nimrodovi,Nimroda,Nimrode,Nimrodovi,Nimrodem
NĄzk ,F,NĄzk,NĄzk,NĄzkou,NĄzk ,NĄzk,NĄzkou
NĄzky,M,NĄzkho,NĄzkmu,NĄzkho,NĄzky,NĄzkm,NĄzkym
Nosat ,F,Nosat,Nosat,Nosatou,Nosat ,Nosat,Nosatou
Nosaty,M,Nosatho,Nosatmu,Nosatho,Nosaty,Nosatm,Nosatym
Nov ,F,Nov,Nov,Novou,Nov ,Nov,Novou
Novy,M,Novho,Novmu,Novho,Novy,Novm,Novym
Nudn ,F,Nudn,Nudn,Nudnou,Nudn ,Nudn,Nudnou
Nudny,M,Nudnho,Nudnmu,Nudnho,Nudny,Nudnm,Nudnym
Nuzn ,F,Nuzn,Nuzn,Nuznou,Nuzn ,Nuzn,Nuznou
Nuzny,M,Nuznho,Nuznmu,Nuznho,Nuzny,Nuznm,Nuznym
Obludn ,F,Obludn,Obludn,Obludnou,Obludn ,Obludn,Obludnou
Obludny,M,Obludnho,Obludnmu,Obludnho,Obludny,Obludnm,Obludnym
Obratn ,F,Obratn,Obratn,Obratnou,Obratn ,Obratn,Obratnou
Obratny,M,Obratnho,Obratnmu,Obratnho,Obratny,Obratnm,Obratnym
Obrovsk ,F,Obrovsk,Obrovsk,Obrovskou,Obrovsk ,Obrovsk,Obrovskou
Obrovsky,M,Obrovskho,Obrovskmu,Obrovskho,Obrovsky,Obrovskm,Obrovskym
ObrĄ,F,ObrĄ,ObrĄ,ObrĄ,ObrĄ,ObrĄ,ObrĄ
ObrĄ,M,ObrĄho,ObrĄmu,ObrĄho,ObrĄ,ObrĄm,ObrĄm
Ocelov ,F,Ocelov,Ocelov,Ocelovou,Ocelov ,Ocelov,Ocelovou
Ocelovy,M,Ocelovho,Ocelovmu,Ocelovho,Ocelovym,Ocelovm,Ocelovy
Oddan ,F,Oddan,Oddan,Oddanou,Oddan ,Oddan,Oddanou
Oddany,M,Oddanho,Oddanmu,Oddanho,Oddany,Oddanm,Oddanym
Odv zn ,F,Odv zn,Odv zn,Odv znou,Odv zn ,Odv zn,Odv znou
Odv zny,M,Odv znho,Odv znmu,Odv znho,Odv zny,Odv znm,Odv znym
Ohyzdn ,F,Ohyzdn,Ohyzdn,Ohyzdnou,Ohyzdn ,Ohyzdn,Ohyzdnou
Ohyzdny,M,Ohyzdnho,Ohyzdnmu,Ohyzdnho,Ohyzdny,Ohyzdnm,Ohyzdnym
Okat ,F,Okat,Okat,Okatou,Okat ,Okat,Okatou
Okaty,M,Okatho,Okatmu,Okatho,Okaty,Okatm,Okatym
OkouzlujĄcĄ,F,OkouzlujĄcĄ,OkouzlujĄcĄ,OkouzlujĄcĄ,OkouzlujĄcĄ,OkouzlujĄcĄ,OkouzlujĄcĄ
OkouzlujĄcĄ,M,OkouzlujĄcĄho,OkouzlujĄcĄmu,OkouzlujĄcĄho,OkouzlujĄcĄ,OkouzlujĄcĄm,OkouzlujĄcĄm
Okrook ,F,Okrook,Okrook,Okrookou,Okrook ,Okrook,Okrookou
Okrooky,M,Okrookho,Okrookmu,Okrookho,Okrooky,Okrookm,Okrookym
Okrovlas ,F,Okrovlas,Okrovlas,Okrovlasou,Okrovlas ,Okrovlas,Okrovlasou
Okrovlasy,M,Okrovlasho,Okrovlasmu,Okrovlasho,Okrovlasy,Okrovlasm,Okrovlasym
Olivov ,F,Olivov,Olivov,Olivovou,Olivov ,Olivov,Olivovou
Olivovy,M,Olivovho,Olivovmu,Olivovho,Olivovy,Olivovm,Olivovym
Omyln ,F,Omyln,Omyln,Omylnou,Omyln ,Omyln,Omylnou
Omylny,M,Omylnho,Omylnmu,Omylnho,Omylny,Omylnm,Omylnym
Onyxov ,F,Onyxov,Onyxov,Onyxovou,Onyxov ,Onyxov,Onyxovou
Onyxovy,M,Onyxovho,Onyxovmu,Onyxovho,Onyxovy,Onyxovm,Onyxovym
Opatrn ,F,Opatrn,Opatrn,Opatrnou,Opatrn ,Opatrn,Opatrnou
Opatrny,M,Opatrnho,Opatrnmu,Opatrnho,Opatrny,Opatrnm,Opatrnym
Opusten ,F,Opusten,Opusten,Opustenou,Opusten ,Opusten,Opustenou
Opusteny,M,Opustenho,Opustenmu,Opustenho,Opusteny,Opustenm,Opustenym
Osamel ,F,Osamel,Osamel,Osamelou,Osamel ,Osamel,Osamelou
Osamely,M,Osamelho,Osamelmu,Osamelho,Osamely,Osamelm,Osamelym
Osamocen ,F,Osamocen,Osamocen,Osamocenou,Osamocen ,Osamocen,Osamocenou
Osamoceny,M,Osamocenho,Osamocenmu,Osamocenho,Osamoceny,Osamocenm,Osamocenym
Ospal ,F,Ospal,Ospal,Ospalou,Ospal ,Ospal,Ospalou
Ospaly,M,Ospalho,Ospalmu,Ospalho,Ospaly,Ospalm,Ospalym
Ostr ,F,Ostr,Ostr,Ostrou,Ostr ,Ostr,Ostrou
Ostrazit ,F,Ostrazit,Ostrazit,Ostrazitou,Ostrazit ,Ostrazit,Ostrazitou
Ostrazity,M,Ostrazitho,Ostrazitmu,Ostrazitho,Ostrazity,Ostrazitm,Ostrazitym
Ostry,M,Ostrho,Ostrmu,Ostrho,Ostry,Ostrm,Ostrym
Ostychav ,F,Ostychav,Ostychav,Ostychavou,Ostychav ,Ostychav,Ostychavou
Ostychavy,M,Ostychavho,Ostychavmu,Ostychavho,Ostychavy,Ostychavm,Ostychavym
OsvĄcen ,F,OsvĄcen,OsvĄcen,OsvĄcenou,OsvĄcen ,OsvĄcen,OsvĄcenou
OsvĄceny,M,OsvĄcenho,OsvĄcenmu,OsvĄcenho,OsvĄceny,OsvĄcenm,OsvĄcenym
Oskliv ,F,Oskliv,Oskliv,Osklivou,Oskliv ,Oskliv,Osklivou
Osklivy,M,Osklivho,Osklivmu,Osklivho,Osklivy,Osklivm,Osklivym
Otravn ,F,Otravn,Otravn,Otravnou,Otravn ,Otravn,Otravnou
Otravny,M,Otravnho,Otravnmu,Otravnho,Otravny,Otravnm,Otravnym
Outlocitn ,F,Outlocitn,Outlocitn,Outlocitnou,Outlocitn ,Outlocitn,Outlocitnou
Outlocitny,M,Outlocitnho,Outlocitnmu,Outlocitnho,Outlocitny,Outlocitnm,Outlocitnym
Ouzkoprs ,F,Ouzkoprs,Ouzkoprs,Ouzkoprsou,Ouzkoprs ,Ouzkoprs,Ouzkoprsou
Ouzkoprsy,M,Ouzkoprsho,Ouzkoprsmu,Ouzkoprsho,Ouzkoprsy,Ouzkoprsm,Ouzkoprsym
Pajdav ,F,Pajdav,Pajdav,Pajdavou,Pajdav ,Pajdav,Pajdavou
Pajdavy,M,Pajdavho,Pajdavmu,Pajdavho,Pajdavy,Pajdavm,Pajdavym
Palicat ,F,Palicat,Palicat,Palicatou,Palicat ,Palicat,Palicatou
Palicaty,M,Palicatho,Palicatmu,Palicatho,Palicaty,Palicatm,Palicatym
P n hvezd,M,P na hvezd,P novi hvezd,P na hvezd,Pane hvezd,P novi hvezd,P nem hvezd
P n ohne,M,P na ohne,P novi ohne,P na ohne,Pane ohne,P novi ohne,P nem ohne
P n svetla,M,P na svetla,P novi svetla,P na svetla,Pane svetla,P novi svetla,P nem svetla
P n Łrody,M,P na Łrody,P novi Łrody,P na Łrody,Pane Łrody,P novi Łrody,P nem Łrody
P n vetru,M,P na vetru,P novi vetru,P na vetru,Pane vetru,P novi vetru,P nem vetru
P n vetru,M,P na vetru,P novi vetru,P na vetru,Pane vetru,P novi vetru,P nem vetru
P n vichru,M,P na vichru,P novi vichru,P na vichru,Pane vichru,P novi vichru,P nem vichru
P n vichru,M,P na vichru,P novi vichru,P na vichru,Pane vichru,P novi vichru,P nem vichru
P n vod,M,P na vod,P novi vod,P na vod,Pane vod,P novi vod,P nem vod
P n zeme,M,P na zeme,P novi zeme,P na zeme,Pane zeme,P novi zeme,P nem zeme
P n zvĄrat,M,P na zvĄrat,P novi zvĄrat,P na zvĄrat,Pane zvĄrat,P novi zvĄrat,P nem zvĄrat
PanĄ hvezd,F,PanĄ hvezd,PanĄ hvezd,PanĄ hvezd,PanĄ hvezd,PanĄ hvezd,PanĄ hvezd
PanĄ ohne,F,PanĄ ohne,PanĄ ohne,PanĄ ohne,PanĄ ohne,PanĄ ohne,PanĄ ohne
PanĄ svetla,F,PanĄ svetla,PanĄ svetla,PanĄ svetla,PanĄ svetla,PanĄ svetla,PanĄ svetla
PanĄ Łrody,F,PanĄ Łrody,PanĄ Łrody,PanĄ Łrody,PanĄ Łrody,PanĄ Łrody,PanĄ Łrody
PanĄ vetru,F,PanĄ vetru,PanĄ vetru,PanĄ vetru,PanĄ vetru,PanĄ vetru,PanĄ vetru
PanĄ vetru,F,PanĄ vetru,PanĄ vetru,PanĄ vetru,PanĄ vetru,PanĄ vetru,PanĄ vetru
PanĄ vichru,F,PanĄ vichru,PanĄ vichru,PanĄ vichru,PanĄ vichru,PanĄ vichru,PanĄ vichru
PanĄ vichru,F,PanĄ vichru,PanĄ vichru,PanĄ vichru,PanĄ vichru,PanĄ vichru,PanĄ vichru
PanĄ vod,F,PanĄ vod,PanĄ vod,PanĄ vod,PanĄ vod,PanĄ vod,PanĄ vod
PanĄ zeme,F,PanĄ zeme,PanĄ zeme,PanĄ zeme,PanĄ zeme,PanĄ zeme,PanĄ zeme
PanĄ zvĄrat,F,PanĄ zvĄrat,PanĄ zvĄrat,PanĄ zvĄrat,PanĄ zvĄrat,PanĄ zvĄrat,PanĄ zvĄrat
Panna,F,Panny,Panne,Pannu,Panno,Panne,Pannou
Panovacn ,F,Panovacn,Panovacn,Panovacnou,Panovacn ,Panovacn,Panovacnou
Panovacny,M,Panovacnho,Panovacnmu,Panovacnho,Panovacny,Panovacnm,Panovacnym
Patron,M,Patrona,Patronovi,Patrona,Patrone,Patronovi,Patronem
Patronka,F,Patronky,Patronce,Patronku,Patronko,Patronce,Patronkou
Pecliv ,F,Pecliv,Pecliv,Peclivou,Pecliv ,Pecliv,Peclivou
Peclivy,M,Peclivho,Peclivmu,Peclivho,Peclivy,Peclivm,Peclivym
Pekeln ,F,Pekeln,Pekeln,Pekelnou,Pekeln ,Pekeln,Pekelnou
Pekelny,M,Pekelnho,Pekelnmu,Pekelnho,Pekelny,Pekelnm,Pekelnym
Penice,F,Penice,Penici,Penici,Penice,Penici,PenicĄ
Peprn ,F,Peprn,Peprn,Peprnou,Peprn ,Peprn,Peprnou
Peprny,M,Peprnho,Peprnmu,Peprnho,Peprny,Peprnm,Peprnym
Pest,M,Pesti,Pesti,Pest,Pesti,Pesti,PestĄ
Pevn ,F,Pevn,Pevn,Pevnou,Pevn ,Pevn,Pevnou
Pevny,M,Pevnho,Pevnmu,Pevnho,Pevny,Pevnm,Pevnym
Pidlook ,F,Pidlook,Pidlook,Pidlookou,Pidlook ,Pidlook,Pidlookou
Pidlooky,M,Pidlookho,Pidlookmu,Pidlookho,Pidlooky,Pidlookm,Pidlookym
Pihovat ,F,Pihovat,Pihovat,Pihovatou,Pihovat ,Pihovat,Pihovatou
Pihovaty,M,Pihovatho,Pihovatmu,Pihovatho,Pihovaty,Pihovatm,Pihovatym
Piln ,F,Piln,Piln,Pilnou,Piln ,Piln,Pilnou
Pilny,M,Pilnho,Pilnmu,Pilnho,Pilny,Pilnm,Pilnym
Pir t,M,Pir ta,Pir tovi,Pir ta,Pir te,Pir tovi,Pir tem
Pir tka,F,Pir tky,Pir tce,Pir tku,Pir tko,Pir tce,Pir tkou
Pis lek,M,Pis lka,Pis lkovi,Pis lka,Pis lku,Pis lkovi,Pis lkem
Pizizub ,F,Pizizub,Pizizub,Pizizubou,Pizizub ,Pizizub,Pizizubou
Pizizuby,M,Pizizubho,Pizizubmu,Pizizubho,Pizizuby,Pizizubm,Pizizubym
Plach ,F,Plach,Plach,Plachou,Plach ,Plach,Plachou
Plachy,M,Plachho,Plachmu,Plachho,Plachy,Plachm,Plachym
Plamenn ,F,Plamenn,Plamenn,Plamennou,Plamenn ,Plamenn,Plamennou
Plamenny,M,Plamennho,Plamennmu,Plamennho,Plamenny,Plamennm,Plamennym
Plesat ,F,Plesat,Plesat,Plesatou,Plesat ,Plesat,Plesatou
Plesaty,M,Plesatho,Plesatmu,Plesatho,Plesaty,Plesatm,Plesatym
Plochonoh ,F,Plochonoh,Plochonoh,Plochonohou,Plochonoh ,Plochonoh,Plochonohou
Plochonohy,M,Plochonohho,Plochonohmu,Plochonohho,Plochonohy,Plochonohm,Plochonohym
Pobozn ,F,Pobozn,Pobozn,Poboznou,Pobozn ,Pobozn,Poboznou
Pobozny,M,Poboznho,Poboznmu,Poboznho,Pobozny,Poboznm,Poboznym
Pochmurn ,F,Pochmurn,Pochmurn,Pochmurnou,Pochmurn ,Pochmurn,Pochmurnou
Pochmurny,M,Pochmurnho,Pochmurnmu,Pochmurnho,Pochmurny,Pochmurnm,Pochmurnym
Poctiv ,F,Poctiv,Poctiv,Poctivou,Poctiv ,Poctiv,Poctivou
Poctivy,M,Poctivho,Poctivmu,Poctivho,Poctivy,Poctivm,Poctivym
Podivn ,F,Podivn,Podivn,Podivnou,Podivn ,Podivn,Podivnou
Podivny,M,Podivnho,Podivnmu,Podivnho,Podivny,Podivnm,Podivnym
Podl ,F,Podl,Podl,Podlou,Podl ,Podl,Podlou
Podly,M,Podlho,Podlmu,Podlho,Podly,Podlm,Podlym
Podvodnice,F,Podvodnice,Podvodnici,Podvodnici,Podvodnice,Podvodnici,PodvodnicĄ
PodvodnĄk,M,PodvodnĄka,PodvodnĄkovi,PodvidnĄka,PodvodnĄku,PodvodnĄkovi,PodvodnĄkem
Pohledn ,F,Pohledn,Pohledn,Pohlednou,Pohledn ,Pohledn,Pohlednou
Pohledny,M,Pohlednho,Pohlednmu,Pohlednho,Pohledny,Pohlednm,Pohlednym
Pohodln ,F,Pohodln,Pohodln,Pohodlnou,Pohodln ,Pohodln,Pohodlnou
Pohodlny,M,Pohodlnho,Pohodlnmu,Pohodlnho,Pohodlny,Pohodlnm,Pohodlnym
Pohostinn ,F,Pohostinn,Pohostinn,Pohostinnou,Pohostinn ,Pohostinn,Pohostinnou
Pohostinny,M,Pohostinnho,Pohostinnmu,Pohostinnho,Pohostinny,Pohostinnm,Pohostinnym
Politov nĄhodn ,F,Politov nĄhodn,Politov nĄhodn,Politov nĄhodnou,Politov nĄhodn ,Politov nĄhodn,Politov nĄhodnou
Politov nĄhodny,M,Politov nĄhodnho,Politov nĄhodnmu,Politov nĄhodnho,Politov nĄhodny,Politov nĄhodnm,Politov nĄhodnym
Pomal ,F,Pomal,Pomal,Pomalou,Pomal ,Pomal,Pomalou
Pomaly,M,Pomalho,Pomalmu,Pomalho,Pomaly,Pomalm,Pomalym
Pomazan ,F,Pomazan,Pomazan,Pomazanou,Pomazan ,Pomazan,Pomazanou
Pomazany,M,Pomazanho,Pomazanmu,Pomazanho,Pomazany,Pomazanm,Pomazanym
Pomlouvacn ,F,Pomlouvacn,Pomlouvacn,Pomlouvacnou,Pomlouvacn ,Pomlouvacn,Pomlouvacnou
Pomlouvacny,M,Pomlouvacnho,Pomlouvacnmu,Pomlouvacnho,Pomlouvacny,Pomlouvacnm,Pomlouvacnym
Pomstychtiv ,F,Pomstychtiv,Pomstychtiv,Pomstychtivou,Pomstychtiv ,Pomstychtiv,Pomstychtivou
Pomstychtivy,M,Pomstychtivho,Pomstychtivmu,Pomstychtivho,Pomstychtivy,Pomstychtivm,Pomstychtivym
Popelav ,F,Popelav,Popelav,Popelavou,Popelav ,Popelav,Popelavou
Popelavy,M,Popelavho,Popelavmu,Popelavho,Popelavy,Popelavm,Popelavym
Por dkumilovn ,F,Por dkumilovn,Por dkumilovn,Por dkumilovnou,Por dkumilovn ,Por dkumilovn,Por dkumilovnou
Por dkumilovny,M,Por dkumilovnho,Por dkumilovnmu,Por dkumilovnho,Poz dkumilovny,Por dkumilovnm,Por dkumilovnym
Posmevacn ,F,Posmevacn,Posmevacn,Posmevacnou,Posmevacn ,Posmevacn,Posmevacnou
Posmevacny,M,Posmevacnho,Posmevacnmu,Posmevacnho,Posmevacny,Posmevacnm,Posmevacnym
Posvecen ,F,Posvecen,Posvecen,Posvecenou,Posvecen ,Posvecen,Posvecenou
Posveceny,M,Posvecenho,Posvecenmu,Posvecenho,Posveceny,Posvecenm,Posvecenym
Poutnice,F,Poutnice,Poutnici,Poutnici,Poutnice,Poutnici,PoutnicĄ
PoutnĄk,M,PoutnĄka,PoutnĄkovi,PoutnĄka,PoutnĄku,PoutnĄkovi,PoutnĄkem
Povetrn ,F,Povetrn,Povetrn,Povetrnou,Povetrn ,Povetrn,Povetrnou
Povetrny,M,Povetrnho,Povetrnmu,Povetrnho,Povetrny,Povetrnm,Povetrnym
Pracovit ,F,Pracovit,Pracovit,Pracovitou,Pracovit ,Pracovit,Pracovitou
Pracovity,M,Pracovitho,Pracovitmu,Pracovitho,Pracovity,Pracoitm,Pracovitym
Prastar ,F,Prastar,Prastar,Prastarou,Prastar ,Prastar,Prastarou
Prastary,M,Prastarho,Prastarmu,Prastarho,Prastary,Prastarm,Prastarym
Prasten ,F,Prasten,Prasten,Prastenou,Prasten ,Prasten,Prastenou
Prasteny,M,Prastenho,Prastenmu,Prastenho,Prasteny,Prastenm,Prastenym
Pravdomluvn ,F,Pravdomluvn,Pravdomluvn,Pravdomluvnou,Pravdomluvn ,Pravdomluvn,Pravdomluvnou
Pravdomluvny,M,Pravdomluvnho,Pravdomluvnmu,Pravdomluvnho,Pravdomluvny,Pravdomluvnm,Pravdomluvnym
Pravoruk ,F,Pravoruk,Pravoruk,Pravorukou,Pravoruk ,Pravoruk,Pravorukou
Pravoruky,M,Pravorukho,Pravorukmu,Pravorukho,Pravoruky,Pravorukm,Pravorukym
Proklet ,F,Proklet,Proklet,Prokletou,Proklet ,Proklet,Prokletou
Proklety,M,Prokletho,Prokletmu,Prokletho,Proklety,Prokletm,Prokletym
Prolhan ,F,Prolhan,Prolhan,Prolhanou,Prolhan ,Prolhan,Prolhanou
Prolhany,M,Prolhanho,Prolhanmu,Prolhanho,Prolhany,Prolhanm,Prolhanym
Proradn ,F,Proradn,Proradn,Proradnou,Proradn ,Proradn,Proradnou
Proradny,M,Proradnho,Proradnmu,Proradnho,Proradny,Proradnm,Proradnym
Prorok,M,Proroka,Prorokovi,Proroka,Proroku,Prorokovi,Prorokem
Prost ,F,Prost,Prost,Prostou,Prost ,Prost,Prostou
Prost cek,M,Prost cka,Prost ckovi,Prost cka,Prost cku,Prost ckovi,Prost ckem
Prostop sn ,F,Prostop sn,Prostop sn,Prostop snou,Prostop sn ,Prostop sn,Prostop snou
Prostop sny,M,Prostop snho,Prostop snmu,Prostop snho,Prostop sny,Prostop snm,Prostop snym
Prosty,M,Prostho,Prostmu,Prostho,Prosty,Prostm,Prostym
Protivn ,F,Protivn,Protivn,Protivnou,Protivn ,Protivn,Protivnou
Protivny,M,Protivnho,Protivnmu,Protivnho,Protivny,Protivnm,Protivnym
ProzĄrav ,F,ProzĄrav,ProzĄrav,ProzĄravou,ProzĄrav ,ProzĄrav,ProzĄravou
ProzĄravy,M,ProzĄravho,ProzĄravmu,ProzĄravho,ProzĄravy,ProzĄravm,ProzĄravym
Prozreteln ,F,Prozreteln,Prozreteln,Prozretelnou,Prozreteln ,Prozreteln,Prozretelnou
Prozretelny,M,Prozretelnho,Prozretelnmu,Prozretelnho,Prozretelny,Prozretelnm,Prozretelnym
Prsat ,F,Prsat,Prsat,Prsatou,Prsat ,Prsat,Prsatou
Prubojn ,F,Prubojn,Prubojn,Prubojnou,Prubojn ,Prubojn,Prubojnou
Prubojny,M,Prubojnho,Prubojnmu,Prubojnho,Prubojny,Prubojnm,Prubojnym
Prudk ,F,Prudk,Prudk,Prudkou,Prudk ,Prudk,Prudkou
Prudky,M,Prudkho,Prudkmu,Prudkho,Prudky,Prudkm,Prudkym
Prukopnice,F,Prukopnice,Prukopnici,Prukopnici,Prukopnice,Prukopnici,PrukopnicĄ
PrukopnĄk,M,PrukopnĄka,PrukopnĄkovi,PrukopnĄka,PrukopnĄku,PrukopnĄkovi,PrukopnĄkem
Pruvodce,M,Pruvodce,Pruvodcovi,Pruvodce,Pruvodce,Pruvodcovi,Pruvodcem
Pruvodkyne,F,Pruvodkyne,Pruvodkyni,Pruvodkyni,Pruvodkyne,Pruvodkyni,PruvodkynĄ
Pruzracn ,F,Pruzracn,Pruzracn,Pruzracnou,Pruzracn ,Pruzracn,Pruzracnou
Pruzracny,M,Pruzracnho,Pruzracnmu,Pruzracnho,Pruzracny,Pruzracnm,Pruzracnym
Prvorozen ,F,Prvorozen,Prvorozen,Prvorozenou,Prvorozen ,Prvorozen,Prvorozenou
Prvorozeny,M,Prvorozenho,Prvorozenmu,Prvorozenho,Prvorozeny,Prvorozenm,Prvorozenym
Prekr sn ,F,Prekr sn,Prekr sn,Prekr snou,Prekr sn ,Prekr sn,Prekr snou
Prekr sny,M,Prekr snho,Prekr snmu,Prekr snho,Prekr sny,Prekr snm,Prekr snym
Prerostl ,F,Prerostl,Prerostl,Prerostlou,Prerostl ,Prerostl,Prerostlou
Prerostly,M,Prerostlho,Prerostlmu,Prerostlho,Prerostly,Prerostlm,Prerostlym
Presn ,F,Presn,Presn,Presnou,Presn ,Presn,Presnou
Presny,M,Presnho,Presnmu,Presnho,Presny,Presnm,Presnym
PrĄjemn ,F,PrĄjemn,PrĄjemn,PrĄjemnou,PrĄjemn ,PrĄjemn,PrĄjemnou
PrĄjemny,M,PrĄjemnho,PrĄjemnmu,PrĄjemnho,PrĄjemny,PrĄjemnm,PrĄjemnym
Pritroubl ,F,Pritroubl,Pritroubl,Pritroublou,Pritroubl ,Pritroubl,Pritroublou
Pritroubly,M,Pritroublho,Pritroublmu,Pritroublho,Pritroubly,Pritroublm,Pritroublym
PrĄvetiv ,F,PrĄvetiv,PrĄvetiv,PrĄvetivou,PrĄvetiv ,PrĄvetiv,PrĄvetivou
PrĄvetivy,M,PrĄvetivho,PrĄvetivmu,PrĄvetivho,PrĄvetivy,PrĄvetivm,PrĄvetivym
PrĄzracn ,F,PrĄzracn,PrĄzracn,PrĄzracnou,PrĄzracn ,PrĄzracn,PrĄzracnou
PrĄzracny,M,PrĄzracnho,PrĄzracnmu,PrĄzracnho,PrĄzracny,PrĄzracnm,PrĄzracnym
PrĄzrak,M,PrĄzraka,PrĄzrakovi,PrĄzraka,PrĄzraku,PrĄzrakovi,PrĄzrakem
PutujĄcĄ,F,PutujĄcĄ,PutujĄcĄ,PutujĄcĄ,PutujĄcĄ,PutujĄcĄ,PutujĄcĄ
PutujĄcĄ,M,PutujĄcĄho,PutujĄcĄmu,PutujĄcĄho,PutujĄcĄ,PutujĄcĄm,PutujĄcĄm
Pysn ,F,Pysn,Pysn,Pysnou,Pysn ,Pysn,Pysnou
Pysny,M,Pysnho,Pysnmu,Pysnho,Pysny,Pysnm,Pysnym
Rosnicka,F,Rosnicky,Rosnicce,Rosnicku,Rosnicko,Rosnicce,Rosnickou
Rozcuchan ,F,Rozcuchan,Rozcuchan,Rozcuchanou,Rozcuchan ,Rozcuchan,Rozcuchanou
Rozcuchany,M,Rozcuchanho,Rozcuchanmu,Rozcuchanho,Rozcuchany,Rozcuchanm,Rozcuchanym
Rozmarn ,F,Rozmarn,Rozmarn,Rozmarnou,Rozmarn ,Rozmarn,Rozmarnou
Rozmarny,M,Rozmarnho,Rozmarnmu,Rozmarnho,Rozmarny,Rozmarnm,Rozmarnym
Rozmazlen ,F,Rozmazlen,Rozmazlen,Rozmazlenou,Rozmazlen ,Rozmazlen,Rozmazlenou
Rozmazleny,M,Rozmazlenho,Rozmazlenmu,Rozmazlenho,Rozmazleny,Rozmazlenm,Rozmazlenym
Rozmern ,F,Rozmern,Rozmern,Rozmernou,Rozmern ,Rozmern,Rozmernou
Rozmerny,M,Rozmernho,Rozmernmu,Rozmernho,Rozmerny,Rozmernm,Rozmernym
Rozpolcen ,F,Rozpolcen,Rozpolcen,Rozpolcenou,Rozpolcen ,Rozpolcen,Rozpolcenou
Rozpolceny,M,Rozpolcenho,Rozpolcenmu,Rozpolcenho,Rozpolceny,Rozpolcenm,Rozpolcenym
Rozsafn ,F,Rozsafn,Rozsafn,Rozsafnou,Rozsafn ,Rozsafn,Rozsafnou
Rozsafny,M,Rozsafnho,Rozsafnmu,Rozsafnho,Rozsafny,Rozsafnm,Rozsafnym
Rozv zn ,F,Rozv zn,Rozv zn,Rozv znou,Rozv zn ,Rozv zn,Rozv znou
Rozv zny,M,Rozv znho,Rozv znmu,Rozv znho,Rozv zny,Rozv znm,Rozv znym
Rozzloben ,F,Rozzloben,Rozzloben,Rozzlobenou,Rozzloben ,Rozzloben,Rozzlobenou
Rozzlobeny,M,Rozzlobenho,Rozzlobenmu,Rozzlobenho,Rozzlobeny,Rozzlobenm,Rozzlobenym
RubĄnov ,F,RubĄnov,RubĄnov,RubĄnovou,RubĄnov ,RubĄnov,RubĄnovou
RubĄnovy,M,RubĄnovho,RubĄnovmu,RubĄnovho,RubĄnovy,RubĄnovm,RubĄnovym
Rudofous ,F,Rudofous,Rudofous,Rudofousou,Rudofous ,Rudofous,Rudofousou
Rudofousy,M,Rudofousho,Rudofousmu,Rudofousho,Rudofousy,Rudofousm,Rudofousym
Rudovlas ,F,Rudovlas,Rudovlas,Rudovlasou,Rudovlas ,Rudovlas,Rudovlasou
Rudovlasy,M,Rudovlasho,Rudovlasmu,Rudovlasho,Rudovlasy,Rudovlasm,Rudovlasym
Rudovous ,F,Rudovous,Rudovous,Rudovousou,Rudovous ,Rudovous,Rudovousou
Rudovousy,M,Rudovousho,Rudovousmu,Rudovousho,Rudovousy,Rudovousm,Rudovousym
Rusovlas ,F,Rusovlas,Rusovlas,Rusovlasou,Rusovlas ,Rusovlas,Rusovlasou
Rusovlasy,M,Rusovlasho,Rusovlasmu,Rusovlasho,Rusovlasy,Rusovlasm,Rusovlasym
Ruzov ,F,Ruzov,Ruzov,Ruzovou,Ruzov ,Ruzov,Ruzovou
Ruzovy,M,Ruzovho,Ruzovmu,Ruzovho,Ruzovy,Ruzovm,Ruzovym
Rv c,M,Rv ce,Rv covi,Rv ce,Rv ci,Rv covi,Rv cem
Rychl ,F,Rychl,Rychl,Rychlou,Rychl ,Rychl,Rychlou
Rychly,M,Rychlho,Rychlmu,Rychlho,Rychly,Rychlm,Rychlym
Rysav ,F,Rysav,Rysav,Rysavou,Rysav ,Rysav,Rysavou
Rysavy,M,Rysavho,Rysavmu,Rysavho,Rysavy,Rysavm,Rysavym
Ryska,F,Rysky,Rysce,Rysku,Rysko,Rysce,Ryskou
RytĄr,M,RytĄre,RytĄrovi,RytĄre,RytĄri,RytĄrovi,RytĄrem
San,F,Sane,Sani,San,Sani,Sani,SanĄ
Sebranec,F,Sebrance,Sebrancovi,Sebrance,Sebrance,Sebrancovi,Sebrancem
Sebranec,M,Sebrance,Sebrancovi,Sebrance,Sebrance,Sebrancovi,Sebrancem
Semetrika,F,Semetriky,Semetrice,Semetriku,Semetriko,Semetrice,Semetrikou
SenilnĄ,F,SenilnĄ,SenilnĄ,SenilnĄ,SenilnĄ,SenilnĄ,SenilnĄ
SenilnĄ,M,SenilnĄho,SenilnĄmu,SenilnĄho,SenilnĄ,SenilnĄm,SenilnĄm
Siln ,F,Siln,Siln,Silnou,Siln ,Siln,Silnou
Silny,M,Silnho,Silnmu,Silnho,Silny,Silnm,Silnym
SĄpav ,F,SĄpav,SĄpav,SĄpavou,SĄpav ,SĄpav,SĄpavou
SĄpavy,M,SĄpavho,SĄpavmu,SĄpavho,SĄpavy,SĄpavm,SĄpavym
Skokan,M,Skokana,Skonanovi,Skokana,Skokane,Skokanovi,Skokanem
Slavn ,F,Slavn,Slavn,Slavnou,Slavn ,Slavn,Slavnou
Slavny,M,Slavnho,Slavnmu,Slavnho,Slavny,Slavnm,Slavnym
Slep ,F,Slep,Slep,Slepou,Slep ,Slep,Slepou
Slepy,M,Slepho,Slepmu,Slepho,Slepy,Slepm,Slepym
Slizk ,F,Slizk,Slizk,Slizkou,Slizk ,Slizk,Slizkou
Slizky,M,Slizkho,Slizkmu,Slizkho,Slizky,Slizkm,Slizkym
Slunecn ,F,Slunecn,Slunecn,Slunecnou,Slunecn ,Slunecn,Slunecou
SlunecnĄ,F,SlunecnĄ,SlunecnĄ,SlunecnĄ,SlunecnĄ,SlunecnĄ,SlunecnĄ
SlunecnĄ,M,SlunecnĄho,SlunecnĄmu,SlunecnĄho,SlunecnĄ,SlunecnĄm,SlunecnĄm
Slunecny,M,Slunecnho,Slunecnmu,Slunecnho,Slunecny,Slunecnm,Slunecnym
Slusn ,F,Slusn,Slusn,Slusnou,Slusn ,Slusn,Slusnou
Slusny,M,Slusnho,Slusnmu,Slusnho,Slusny,Slusnm,Slusnym
Smaragdov ,F,Smaragdov,Smaragdov,Smaragdovou,Smaragdov ,Smaragdov,Smaragdovou
Smaragdovy,M,Smaragdovho,Smaragdovmu,Smaragdovho,Smaragdovy,Smaragdovm,Smaragdovym
Smel ,F,Smel,Smel,Smelou,Smel ,Smel,Smelou
Smely,M,Smelho,Smelmu,Smelho,Smely,Smelm,Smelym
Smiln ,F,Smiln,Smiln,Smilnou,Smiln ,Smiln,Smilnou
Smilny,M,Smilnho,Smilnmu,Smilnho,Smilny,Smilnm,Smilnym
Smrt k,M,Smrt ka,Smrt kovi,Smrt ka,Smrt ku,Smrt kovi,Smrt kem
Smrteln ,F,Smrteln,Smrteln,Smrtelnou,Smrteln ,Smrteln,Smrtelnou
Smrtelny,M,Smrtelnho,Smrtelnmu,Smrtelnho,Smrtelny,Smrtelnm,Smrtelnym
SmrtĄcĄ,F,SmrtĄcĄ,SmrtĄcĄ,SmrtĄcĄ,SmrtĄcĄ,SmrtĄcĄ,SmrtĄcĄ
SmrtĄcĄ,M,SmrtĄcĄho,SmrtĄcĄmu,SmrtĄcĄho,SmrtĄcĄ,SmrtĄcĄm,SmrtĄcĄm
Smutn ,F,Smutn,Smutn,Smutnou,Smutn ,Smutn,Smutnou
Smutny,M,Smutnho,Smutnmu,Smutnho,Smutny,Smutnm,Smutnym
Snaziv ,F,Snaziv,Snaziv,Snazivou,Snaziv ,Snaziv,Snazivou
Snazivy,M,Snazivho,Snazivmu,Snazivho,Snazivy,Snazivm,Snazivym
Sobeck ,F,Sobeck,Sobeck,Sobeckou,Sobeck ,Sobeck,Sobeckou
Sobecky,M,Sobeckho,Sobeckmu,Sobeckho,Sobecky,Sobeckm,Sobeckym
Spasitel,M,Spasitele,Spasitelovi,Spasitele,Spasiteli,Spasitelovi,Spasitelem
Spasitelka,F,Spasitelky,Spasitelce,Spasitelku,Spasitelko,Spasitelce,Spasitelkou
SpechajĄcĄ,F,SpechajĄcĄ,SpechajĄcĄ,SpechajĄcĄ,SpechajĄcĄ,SpechajĄcĄ,SpechajĄcĄ
SpechajĄcĄ,M,SpechajĄcĄho,SpechajĄcĄmu,SpechajĄcĄho,SpechajĄcĄ,SpechajĄcĄm,SpechajĄcĄm
Spolehliv ,F,Spolehliv,Spolehliv,Spolehlivou,Spolehliv ,Spolehliv,Spolehlivou
Spolehlivy,M,Spolehlivho,Spolehlivmu,Spolehlivho,Spolehlivy,Spolehlivm,Spolehlivym
Sprost ,F,Sprost,Sprost,Sprostou,Sprost ,Sprost,Sprostou
Sprosty,M,Sprostho,Sprostmu,Sprostho,Sprosty,Sprostm,Sprostym
Star ,F,Star,Star,Starou,Star ,Star,Starou
Starom˘dnĄ,F,Starom˘dnĄ,Starom˘dnĄ,Starom˘dnĄ,Starom˘dnĄ,Starom˘dnĄ,Starom˘dnĄ
Starom˘dnĄ,M,Starom˘dnĄho,Starom˘dnĄmu,Starom˘dnĄho,Starom˘dnĄ,Starom˘dnĄm,Starom˘dnĄm
StarsĄ,F,StarsĄ,StarsĄ,StarsĄ,StarsĄ,StarsĄ,StarsĄ
StarsĄ,M,StarsĄho,StarsĄmu,StarsĄho,StarsĄ,StarsĄm,StarsĄm
Stary,M,Starho,Starmu,Starho,Stary,Starm,Starym
Statecn ,F,Statecn,Statecn,Statecnou,Statecn ,Statecn,Statecnou
Statecny,M,Statecnho,Statecnmu,Statecnho,Statecny,Statecnm,Statecnym
Stolet ,F,Stolet,Stolet,Stoletou,Stolet ,Stolet,Stoletou
Stolety,M,Stoletho,Stoletmu,Stoletho,Stolety,Stoletm,Stoletym
Stopar,M,Stopare,Stoparovi,Stopare,Stopari,Stoparovi,Stoparem
Stoparka,F,Stoparky,Stoparce,Stoparku,Stoparko,Stoparce,Stoparkou
Str dajĄcĄ,F,Str dajĄcĄ,Str dajĄcĄ,Str dajĄcĄ,Str dajĄcĄ,Str dajĄcĄ,Str dajĄcĄ
Str dajĄcĄ,M,Str dajĄcĄho,Str dajĄcĄmu,Str dajĄcĄho,Str dajĄcĄ,Str dajĄcĄm,Str dajĄcĄm
Strasideln ,F,Strasideln,Strasideln,Strasidelnou,Strasideln ,Strasideln,Strasidelnou
Strasidelny,M,Strasidelnho,Strasidelnmu,Strasidelnho,Strasidelny,Strasidelnm,Strasidelnym
Strasliv ,F,Strasliv,Strasliv,Straslivou,Strasliv ,Strasliv,Straslivou
Straslivy,M,Straslivho,Straslivmu,Straslivho,Straslivy,Straslivm,Straslivym
Strasn ,F,Strasn,Strasn,Strasnou,Strasn ,Strasn,Strasnou
Strasny,M,Strasnho,Strasnmu,Strasnho,Strasny,Strasnm,Strasnym
Straspytel,M,Straspytla,Straspytlovi,Straspytla,Straspytle,Straspytlovi,Straspytlem
Strnul ,F,Strnul,Strnul,Strnulou,Strnul ,Strnul,Strnulou
Strnuly,M,Strnulho,Strnulmu,Strnulho,Strnuly,Strnulm,Strnulym
StrĄbrn ,F,StrĄbrn,StrĄbrn,StrĄbrnou,StrĄbrn ,StrĄbrn,StrĄbrnou
StrĄbrny,M,StrĄbrnho,StrĄbrnmu,StrĄbrnho,StrĄbrny,StrĄbrnm,StrĄbrnym
StrĄdm ,F,StrĄdm,StrĄdm,StrĄdmou,StrĄdm ,StrĄdm,StrĄdmou
StrĄdmy,M,StrĄdmho,StrĄdmmu,StrĄdmho,StrĄdmy,StrĄdmym,StrĄdmm
Svalnat ,F,Svalnat,Svalnat,Svalnatou,Svalnat ,Svalnat,Svalnatou
Svalnaty,M,Svalnatho,Svalnatmu,Svalnatho,Svalnaty,Svalnatm,Svalnatym
Svalovec,M,Svalovce,Svalovcovi,Svalovce,Svalovce,Svalovcovi,Svalovcem
Svat ,F,Svat,Svat,Svatou,Svat ,Svat,Svatou
Svaty,M,Svatho,Svatmu,Svatho,Svaty,Svatm,Svatym
Svetaznal ,F,Svetaznal,Svetaznal,Svetaznalou,Svetaznal ,Svetaznal,Svetaznalou
Svetaznaly,M,Svetaznalho,Svetaznalmu,Svetaznalho,Svetaznaly,Svetaznalm,Svetaznalym
Svetlovlas ,F,Svetlovlas,Svetlovlas,Svetlovlasou,Svetlovlas ,Svetlovlas,Svetlovlasou
Svetlovlasy,M,Svetlovlasho,Svetlovlasmu,Svetlovlasho,Svetlovlasy,Svetlovlasm,Svetlovlasym
Svetlovous ,F,Svetlovous,Svetlovous,Svetlovousou,Svetlovous ,Svetlovous,Svetlovousou
Svetlovousy,M,Svetlovousho,Svetlovousmu,Svetlovousho,Svetlovousy,Svetlovousm,Svetlovousym
Svobodn ,F,Svobodn,Svobodn,Svobodnou,Svobodn ,Svobodn,Svobodnou
Svobodny,M,Svobodnho,Svobodnmu,Svobodnho,Svobodny,Svobodnm,Svobodnym
Sediv ,F,Sediv,Sediv,Sedivou,Sediv ,Sediv,Sedivou
Sedivy,M,Sedivho,Sedivmu,Sedivho,Sedivy,Sedivm,Sedivym
Sedook ,F,Sedook,Sedook,Sedookou,Sedook ,Sedook,Sedookou
Sedooky,M,Sedookho,Sedookmu,Sedookho,Sedooky,Sedookm,Sedookym
Sedovlas ,F,Sedovlas,Sedovlas,Sedovlasou,Sedovlas ,Sedovlas,Sedovlasou
Sedovlasy,M,Sedovlasho,Sedovlasmu,Sedovlasho,Sedovlasy,Sedovlasm,Sedovlasym
Sedovous ,F,Sedovous,Sedovous,Sedovousou,Sedovous ,Sedovous,Sedovousou
Sedovousy,M,Sedovousho,Sedovousmu,Sedovousho,Sedovousy,Sedovousm,Sedovousym
Ser ,F,Ser,Ser,Serou,Ser ,Ser,Serou
Seredn ,F,Seredn,Seredn,Serednou,Seredn ,Seredn,Serednou
Seredny,M,Serednho,Serednmu,Serednho,Seredny,Serednm,Serednym
Sery,M,Serho,Sermu,Serho,Sery,Serm,Serym
SibenicnĄk,M,SibenicnĄka,SibenicnĄkovi,SibenicnĄka,SibenicnĄku,SibenicnĄkovi,SibenicnĄkem
Sikm ,F,Sikm,Sikm,Sikmou,Sikm ,Sikm,Sikmou
Sikmy,M,Sikmho,Sikmmu,Sikmho,Sikmy,Sikmm,Sikmym
SĄlen ,F,SĄlen,SĄlen,SĄlenou,SĄlen ,SĄlen,SĄlenou
SĄleny,M,SĄlenho,SĄlenmu,SĄlenho,SĄleny,SĄlenm,SĄlenym
Sirok ,F,Sirok,Sirok,Sirokou,Sirok ,Sirok,Sirokou
Siroky,M,Sirokho,Sirokmu,Sirokmu,Siroky,Sirokm,Sirokym
Sislav ,F,Sislav,Sislav,Sislavou,Sislav ,Sislav,Sislavou
Sislavy,M,Sislavho,Sislavmu,Sislavho,Sislavy,Sislavm,Sislavym
Slapka,F,Slapky,Slapce,Slapku,Slapko,Slapce,Slapkou
Slechetn ,F,Slechetn,Slechetn,Slechetnou,Slechetn ,Slechetn,Slechetnou
Slechetny,M,Slechetnho,Slechetnmu,Slechetnho,Slechetny,Slechetnm,Slechetnym
Spinav ,F,Spinav,Spinav,Spinavou,Spinav ,Spinav,Spinavou
Spinavy,M,Spinavho,Spinavmu,Spinavho,Spinavy,Spinavm,Spinavym
Stastn ,F,Stastn,Stastn,Stastnou,Stastn ,Stastn,Stastnou
Stastny,M,Stastnho,Stastnmu,Stastnho,Stastny,Stastnm,Stastnym
StĄhl ,F,StĄhl,StĄhl,StĄhlou,StĄhl ,StĄhl,StĄhlou
StĄhly,M,StĄhlho,StĄhlmu,StĄhlho,StĄhly,StĄhlm,StĄhlym
Tajemn ,F,Tajemn,Tajemn,Tajemnou,Tajemn ,Tajemn,Tajemnou
Tajemny,M,Tajemnho,Tajemnmu,Tajemnho,Tajemny,Tajemnm,Tajemnym
Temn ,F,Temn,Temn,Temnou,Temn ,Temn,Temnou
Temny,M,Temnho,Temnmu,Temnho,Temny,Temnm,Temnym
Tenk ,F,Tenk,Tenk,Tenkou,Tenk ,Tenk,Tenkou
Tenky,M,Tenkho,Tenkmu,Tenkho,Tenky,Tenkm,Tenkym
Teplomiln ,F,Teplomiln,Teplomiln,Teplomilnou,Teplomiln ,Teplomiln,Teplomilnou
Teplomilny,M,Teplomilnho,Teplomilnmu,Teplomilnho,Teplomilny,Teplomilnm,Teplomilnym
Tezk ,F,Tezk,Tezk,Tezkou,Tezk ,Tezk,Tezkou
Tezky,M,Tezkho,Tezkmu,Tezkho,Tezky,Tezkm,Tezkym
Titern ,F,Titern,Titern,Titernou,Titern ,Titern,Titernou
Titerny,M,Titernho,Titernmu,Titernho,Titerny,Titernm,Titernym
Tlust ,F,Tlust,Tlust,Tlustou,Tlust ,Tlust,Tlustou
Tlusty,M,Tlustho,Tlustmu,Tlustho,Tlusty,Tlustm,Tlustym
Tmavovlas ,F,Tmavovlas,Tmavovlas,Tmavovlasou,Tmavovlas ,Tmavovlas,Tmavovlasou
Tmavovlasy,M,Tmavovlasho,Tmavovlasmu,Tmavovlasho,Tmavovlasy,Tmavovlasm,Tmavovlasym
Tmavovous ,F,Tmavovous,Tmavovous,Tmavovousou,Tmavovous ,Tmavovous,Tmavovousou
Tmavovousy,M,Tmavovousho,Tmavovousmu,Tmavovousho,Tmavovousy,Tmavovousm,Tmavovousym
Trpeliv ,F,Trpeliv,Trpeliv,Trpelivou,Trpeliv ,Trpeliv,Trpelivou
Trpelivy,M,Trpelivho,Trpelivmu,Trpelivho,Trpelivy,Trpelivm,Trpelivym
TrpĄcĄ,F,TrpĄcĄ,TrpĄcĄ,TrpĄcĄ,TrpĄcĄ,TrpĄcĄ,TrpĄcĄ
TrpĄcĄ,M,TrpĄcĄho,TrpĄcĄmu,TrpĄcĄho,TrpĄcĄ,TrpĄcĄm,TrpĄcĄm
Tup ,F,Tup,Tup,Tupou,Tup ,Tup,Tupou
Tupy,M,Tupho,Tupmu,Tupho,Tupy,Tupm,Tupym
Tyrkysov ,F,Tyrkysov,Tyrkysov,Tyrkysovou,Tyrkysov ,Tyrkysov,Tyrkysovou
Tyrkysovy,M,Tyrkysovho,Tyrkysovmu,Tyrkysovho,Tyrkysovy,Tyrkysovm,Tyrkysovym
Ubrecen ,F,Ubrecen,Ubrecen,Ubrecenou,Ubrecen ,Ubrecen,Ubrecenou
Ubreceny,M,Ubrecenho,Ubrecenmu,Ubrecenho,Ubreceny,Ubrecenm,Ubrecenym
Uchyln ,F,Uchyln,Uchyln,Uchylnou,Uchyln ,Uchyln,Uchylnou
Uchylny,M,Uchylnho,Uchylnmu,Uchylnho,Uchylny,Uchylnm,Uchylnym
Ucen ,F,Ucen,Ucen,Ucenou,Ucen ,Ucen,Ucenou
Ucenec,M,Ucence,Ucencovi,Ucence,Ucence,Ucencovi,Ucencem
Uceny,M,Ucenho,Ucenmu,Ucenho,Uceny,Ucenm,Ucenym
Udatn ,F,Udatn,Udatn,Udatnou,Udatn ,Udatn,Udatnou
Udatny,M,Udatnho,Udatnmu,Udatnho,Udatny,Udatnm,Udatnym
Uhranciv ,F,Uhranciv,Uhranciv,Uhrancivou,Uhranciv ,Uhranciv,Uhrancivou
Uhrancivy,M,Uhrancivho,Uhrancivmu,Uhrancivho,Uhrancivy,Uhrancivm,Uhrancivym
Uhranut ,F,Uhranut ,Uhranut,Uhranutou,Uhranut ,Uhranut,Uhranutou
Uhranuty,M,Uhranutho,Uhranutmu,Uhranutho,Uhranuty,Uhranutm,Uhranutym
Ukecan ,F,Ukecan,Ukecan,Ukecanou,Ukecan ,Ukecan,Ukecanou
Ukecany,M,Ukecanho,Ukecenmu,Ukecanho,Ukecany,Ukecanm,Ukecanym
Ukrutn ,F,Ukrutn,Ukrutn,Ukrutnou,Ukrutn ,Ukrutn,Ukrutnou
Ukrutny,M,Ukrutnho,Ukrutnmu,Ukrutnho,Ukrutny,Ukrutnm,Ukrutnym
Ukvapen ,F,Ukvapen,Ukvapen,Ukvapenou,Ukvapen ,Ukvapen,Ukvapenou
Ukvapeny,M,Ukvapenho,Ukvapenmu,Ukvapenho,Ukvapeny,Ukvapenm,Ukvapenym
Ulhan ,F,Ulhan,Ulhan,Ulhanou,Ulhan ,Ulhan,Ulhanou
Ulhany,M,Ulhanho,Ulhanmu,Ulhanho,Ulhany,Ulhanm,Ulhanym
UmĄnen ,F,UmĄnen,UmĄnen,UmĄnenou,UmĄnen ,UmĄnen,UmĄnenou
UmĄneny,M,UmĄnenho,UmĄnenmu,UmĄnenho,UmĄneny,UmĄnenm,UmĄnenou
UmĄrnen ,F,UmĄrnen,UmĄrnen,UmĄrnenou,UmĄrnen ,UmĄrnen,UmĄrnenou
UmĄrneny,M,UmĄrnenho,UmĄrnenmu,UmĄrnenho,UmĄrneny,UmĄrnenm,UmĄrnenym
Umounen ,F,Umounen,Umounen,Umounenou,Umounen ,Umounen,Umounenou
Umouneny,M,Umounenho,Umounenmu,Umounenho,Umouneny,Umounenho,Umouneny
Unaven ,F,Unaven,Unaven,Unavenou,Unaven ,Unaven,Unavenou
Unaveny,M,Unavenho,Unavenmu,Unavenho,Unaveny,Unavenm,Unavenym
Unavn ,F,Unavn,Unavn,Unavnou,Unavn ,Unavn,Unavnou
Unavny,M,Unavnho,Unavnmu,Unavnho,Unavny,Unavnm,Unavnym
Upejpav ,F,Upejpav,Upejpav,Upejpavou,Upejpav ,Upejpav,Upejpavou
Upejpavy,M,Upejpavho,Upejpavmu,Upejpavho,Upejpavy,Upejpavm,Upejpavym
Uplakan ,F,Uplakan,Uplakan,Uplakanou,Uplakan ,Uplakan,Uplakanou
Uplakany,M,Uplakanho,Uplakanmu,Uplakanho,Uplakany,Uplakanm,Uplakanym
Urostl ,F,Urostl,Urostl,Urostlou,Urostl ,Urostl,Urostlou
Urostly,M,Urostlho,Urostlmu,Urostlho,Urostly,Urostlm,Urostlym
Urputn ,F,Urputn,Urputn,Urputnou,Urputn ,Urputn,Urputnou
Urputny,M,Urputnho,Urputnmu,Urputnho,Urputny,Urputnm,Urputnym
Urvan ,F,Urvan,Urvan,Urvanou,Urvan ,Urvan,Urvanou
Urvany,M,Urvanho,Urvanmu,Urvanho,Urvany,Urvanm,Urvanym
Usmevav ,F,Usmevav,Usmevav,Usmevavou,Usmevav ,Usmevav,Usmevavou
Usmevavy,M,Usmevavho,Usmevavmu,Usmevavho,Usmevavy,Usmevavm,Usmevavym
Uspechan ,F,Uspechan,Uspechan,Uspechanou,Uspechan ,Uspechan,Uspechanou
Uspechany,M,Uspechanho,Uspechanmu,Uspechanho,Uspechany,Uspechanm,Uspechanym
Uspesn ,F,Uspesn,Uspesn,Uspesnou,Uspesn ,Uspesn,Uspesnou
Uspesny,M,Uspesnho,Uspesnmu,Uspesnho,Uspesny,Uspesnm,Uspesnym
Ustaran ,F,Ustaran,Ustaran,Ustaranou,Ustaran ,Ustaran,Ustaranou
Ustarany,M,Ustaranho,Ustaranmu,Ustaranho,Ustarany,Ustaranm,Ustaranym
Usat ,F,Usat,Usat,Usatou,Usat ,Usat,Usatou
Usaty,M,Usatho,Usatmu,Usatho,Usaty,Usatm,Usatym
Utlocitn ,F,Utlocitn,Utlocitn,Utlocitnou,Utlocitn ,Utlocitn,Utlocitnou
Utlocitny,M,Utlocitnho,Utlocitnmu,Utlocitnho,Utlocitny,Utlocitnm,Utlocitnym
Uzdraven ,F,Uzdraven,Uzdraven,Uzdravenou,Uzdraven ,Uzdraven,Uzdravenou
Uzdraveny,M,Uzdravenho,Uzdravenmu,Uzdravenho,Uzdraveny,Uzdravenm,Uzdravenym
Uzkoprs ,F,Uzkoprs,Uzkoprs,Uzkoprsou,Uzkoprs ,Uzkoprs,Uzkoprsou
Uzkoprsy,M,Uzkoprsho,Uzkoprsmu,Uzkoprsho,Uzkoprsy,Uzkoprsm,Uzkoprsym
V lecnice,F,V lecnice,V lecnici,V lecnici,V lecnice,V lecnici,V lecnicĄ
V lecnĄk,M,V lecnĄka,V lecnĄkovi,V lecnĄka,V lecnĄku,V lecnĄkovi,V lecnĄkem
V zen ,F,V zen,V zen,V zenou,V zen ,V zen,V zenou
V zeny,M,V zenho,V zenmu,V zenho,V zeny,V zenm,V zenym
Vdecn ,F,Vdecn,Vdecn,Vdecnou,Vdecn ,Vdecn,Vdecnou
Vdecny,M,Vdecnho,Vdecnmu,Vdecnho,Vdecny,Vdecnm,Vdecnym
Vecn ,F,Vecn,Vecn,Vecnou,Vecn ,Vecn,Vecnou
Vecny,M,Vecnho,Vecnmu,Vecnho,Vecny,Vecnm,Vecnym
Ved tor,M,Ved tora,Ved torovi,Ved tora,Ved tore,Ved torovi,Ved torem
Ved torka,F,Ved torky,Ved torce,Ved torku,Ved torko,Ved torce,Ved torkou
Vehlasn ,F,Vehlasn,Vehlasn,Vehlasnou,Vehlasn ,Vehlasn,Vehlasnou
Vehlasny,M,Vehlasnho,Vehlasnmu,Vehlasnho,Vehlasny,Vehlasnm,Vehlasnym
Velev zen ,F,Velev zen,Velev zen,Velev zenou,Velev zen ,Velev zen,Velev zenou
Velev zeny,M,Velev zenho,Velev zenmu,Velev zenho,Velev zeny,Velev zenm,Velev zenym
Velik ,F,Velik,Velik,Velikou,Velik ,Velik,Velikou
Veliky,M,Velikho,Velikmu,Velikho,Veliky,Velikm,Velikym
Velk ,F,Velk,Velk,Velkou,Velk ,Velk,Velkou
Velkohub ,F,Velkohub,Velkohub,Velkohubou,Velkohub ,Velkohub,Velkohubou
Velkohuby,M,Velkohubho,Velkohubmu,Velkohubho,Velkohuby,Velkohubm,Velkohubym
Velkorys ,F,Velkorys,Velkorys,Velkorysou,Velkorys ,Velkorys,Velkorysou
Velkorysy,M,Velkorysho,Velkorysmu,Velkorysho,Velkorysy,Velkorysm,Velkorysym
Velky,M,Velkho,Velkmu,Velkho,Velky,Velkm,Velkym
Vern ,F,Vern,Vern,Vernou,Vern ,Vern,Vernou
Verny,M,Vernho,Vernmu,Vernho,Verny,Vernm,Vernym
VerĄcĄ,F,VerĄcĄ,VerĄcĄ,VerĄcĄ,VerĄcĄ,VerĄcĄ,VerĄcĄ
VerĄcĄ,M,VerĄcĄho,VerĄcĄmu,VerĄcĄho,VerĄcĄ,VerĄcĄm,VerĄcĄm
Vesel ,F,Vesel,Vesel,Veselou,Vesel ,Vesel,Veselou
Vesely,M,Veselho,Veselmu,Veselho,Vesely,Veselm,Veselym
Vestec,M,Vestce,Vestci,Vestce,Vestce,Vestci,Vestcem
Vestkyne,F,Vestkyne,Vestkyni,Vestkyni,Vestkyne,Vestkyni,VestkynĄ
Vetch ,F,Vetch,Vetch,Vetchou,Vetch ,Vetch,Vetchou
Vetchy,M,Vetchho,Vetchmu,Vetchho,Vetchy,Vetchm,Vetchym
Vetrn ,F,Vetrn,Vetrn,Vetrnou,Vetrn ,Vetrn,Vetrnou
Vetrny,M,Vetrnho,Vetrnmu,Vetrnho,Vetrny,Vetrnm,Vetrnym
Vl dce,M,Vl dce,Vl dcovi,Vl dce,Vl dce,Vl dcovi,Vl dcem
Vl dkyne,F,Vl dkyne,Vl dkyni,Vl dkyni,Vl dkyne,Vl dkyni,Vl dkynĄ
Vojevudce,M,Vojevudce,Vojevudcovi,Vojevudce,Vojevudce,Vojevudcovi,Vojevudcem
Vojevudkyne,F,Vojevudkyne,Vojevudkyni,Vojevudkyni,Vojevudkyne,Vojevudkyni,VojevudkynĄ
Vousat ,F,Vousat,Vousat,Vousatou,Vousat ,Vousat,Vousatou
Vousaty,M,Vousatho,Vousatmu,Vousatho,Vousaty,Vousatm,Vousatym
Vrah,M,Vraha,Vrahovi,Vraha,Vrahu,Vrahovi,Vrahem
Vratk ,F,Vratk,Vratk,Vratkou,Vratk ,Vratk,Vratkou
Vratky,M,Vratkho,Vratkmu,Vratkho,Vratky,Vratkm,Vratkym
Vrazedkyne,F,Vrazedkyne,Vrazedkyni,Vrazedkyni,Vrazedkyne,Vrazedkyni,VrazedkynĄ
Vrazedn ,F,Vrazedn,Vrazedn,Vrazednou,Vrazedn ,Vrazedn,Vrazednou
Vrazedny,M,Vrazednho,Vrazednmu,Vrazednho,Vrazedny,Vrazednm,Vrazednym
VsevedoucĄ,F,VsevedoucĄ,VsevedoucĄ,VsevedoucĄ,VsevedoucĄ,VsevedoucĄ,VsevedoucĄ
VsevedoucĄ,M,VsevedoucĄho,VsevedoucĄmu,VsevedoucĄho,VsevedoucĄ,VsevedoucĄm,VsevedoucĄm
Vudce,M,Vudce,Vudcovi,Vudce,Vudce,Vudcovi,Vudcem
Vudkyne,F,Vudkyne,Vudkyni,Vudkyni,Vudkyne,Vudkyni,VudkynĄ
Vychrtl ,F,Vychrtl,Vychrtl,Vychrtlou,Vychrtl ,Vychrtl,Vychrtlou
Vychrtly,M,Vychrtlho,Vychrtlmu,Vychrtlho,Vychrtly,Vychrtlm,Vychrtlym
Vydeden ,F,Vydeden,Vydeden,Vydedenou,Vydeden ,Vydeden,Vydedenou
Vydedeny,M,Vydedenho,Vydedenmu,Vydedenho,Vydedeny,Vydedenm,Vydedenym
Vyholen ,F,Vyholen,Vyholen,Vyholenou,Vyholen ,Vyholen,Vyholenou
Vyholeny,M,Vyholenho,Vyholenmu,Vyholenho,Vyholeny,Vyholenm,Vyholenym
Vymluvn ,F,Vymluvn,Vymluvn,Vymluvnou,Vymluvn ,Vymluvn,Vymluvnou
Vymluvny,M,Vymluvnho,Vymluvnmu,Vymluvnho,Vymluvny,Vymluvnm,Vymluvnym
Vypravec,M,Vypravece,Vypravecovi,Vypravece,Vypraveci,Vypravecovi,Vypravecem
Vypravecka,F,Vypravecky,Vypravecce,Vypravecku,Vypravecko,Vypravecce,Vypraveckou
Vysok ,F,Vysok,Vysok,Vysokou,Vysok ,Vysok,Vysokou
Vysoky,M,Vysokho,Vysokmu,Vysokho,Vysoky,Vysokm,Vysokym
Vyz bl ,F,Vyz bl,Vyz bl,Vyz blou,Vyz bl ,Vyz bl,Vyz blou
Vyz bly,M,Vyz blho,Vyz blmu,Vyz blho,Vyz bly,Vyz blm,Vyz blym
Vzdelan ,F,Vzdelan,Vzdelan,Vzdelanou,Vzdelan ,Vzdelan,Vzdelanou
Vzdelany,M,Vzdelanho,Vzdelanmu,Vzdelanho,Vzdelany,Vzdelanm,Vzdelanym
Vzhledn ,F,Vzhledn,Vzhledn,Vzhlednou,Vzhledn ,Vzhledn,Vzhlednou
Vzhledny,M,Vzhlednho,Vzhlednmu,Vzhlednho,Vzhledny,Vzhlednm,Vzhlednym
Vzorn ,F,Vzorn,Vzorn,Vzornou,Vzorn ,Vzorn,Vzornou
Vzorny,M,Vzornho,Vzornmu,Vzornho,Vzorny,Vzornm,Vzornym
Vzpurn ,F,Vzpurn,Vzpurn,Vzpurnou,Vzpurn ,Vzpurn,Vzpurnou
Vzpurny,M,Vzpurnho,Vzpurnmu,Vzpurnho,Vzpurny,Vzpurnm,Vzpurnym
Zabij k,M,Zabij ka,Zabij kovi,Zabij ka,Zabij ku,Zabij kovi,Zabij kem
Zacarovan ,F,Zacarovan,Zacarovan,Zacarovanou,Zacarovan ,Zacarovan,Zacarovanou
Zacarovany,M,Zacarovanho,Zacarovanmu,Zacarovanho,Zacarovany,Zacarovanm,Zacarovanym
Zahorkl ,F,Zahorkl,Zahorkl,Zahorklou,Zahorkl ,Zahorkl,Zahorklou
Zahorkly,M,Zahorklho,Zahorklmu,Zahorklho,Zahorkly,Zahorklm,Zahorklym
Zaklet ,F,Zaklet,Zaklet,Zakletou,Zaklet ,Zaklet,Zakletou
Zaklety,M,Zakletho,Zakletmu,Zakletho,Zaklety,Zakletm,Zakletym
Zakrsl ,F,Zakrsl,Zakrsl,Zakrslou,Zakrsl ,Zakrsl,Zakrslou
Zakrsly,M,Zakrslho,Zakrslmu,Zakrslho,Zakrsly,Zakrslm,Zakrslym
Zakuklen ,F,Zakuklen,Zakuklen,Zakuklenou,Zakuklen ,Zakuklen,Zakuklenou
Zakukleny,M,Zakuklenho,Zakuklenmu,Zakuklenho,Zakukleny,Zakuklenm,Zakuklenym
Z letn ,F,Z letn,Z letn,Z letnou,Z letn ,Z letn,Z letnou
Z letny,M,Z letnho,Z letnmu,Z letnho,Z letny,Z letnm,Z letnym
Zamilovan ,F,Zamilovan,Zamilovan,Zamilovanou,Zamilovan ,Zamilovan,Zamilovan
Zamilovany,M,Zamilovanho,Zamilovanmu,Zamilovanho,Zamilovany,Zamilovanm,Zamilovanym
Zamlkl ,F,Zamlkl,Zamlkl,Zamlklou,Zamlkl ,Zamlkl,Zamlklou
Zamlkly,M,Zamlklho,Zamlklmu,Zamlklho,Zamlkly,Zamlklm,Zamlklym
Zapomenut ,F,Zapomenut,Zapomenut,Zapomenutou,Zapomenut ,Zapomenut,Zapomenutou
Zapomenuty,M,Zapomenutho,Zapomenutmu,Zapomenutho,Zapomenuty,Zapomenutm,Zapomenutym
Zapomnetliv ,F,Zapomnetliv,Zapomnetliv,Zapomnetlivou,Zapomnetliv ,Zapomnetliv,Zapomnetlivou
Zapomnetlivy,M,Zapomnetlivho,Zapomnetlivmu,Zapomnetlivho,Zapomnetlivy,Zapomnetlivm,Zapomnetlivym
Zarazen ,F,Zarazen,Zarazen,Zarazenou,Zarazen ,Zarazen,Zarazenou
Zarazeny,M,Zarazenho,Zarazenmu,Zarazenho,Zarazeny,Zarazenm,Zarazenym
Zarostl ,F,Zarostl,Zarostl,Zarostlou,Zarostl ,Zarostl,Zarostlou
Zarostly,M,Zarostlho,Zarostlmu,Zarostlho,Zarostly,Zarostlm,Zarostlym
Z rĄcĄ,F,Z rĄcĄ,Z rĄcĄ,Z rĄcĄ,Z rĄcĄ,Z rĄcĄ,Z rĄcĄ
Z rĄcĄ,M,Z rĄcĄho,Z rĄcĄmu,Z rĄcĄho,Z rĄcĄ,Z rĄcĄm,Z rĄcĄm
Zasmusil ,F,Zasmusil,Zasmusil,Zasmusilou,Zasmusil ,Zasmusil,Zasmusilou
Zasmusily,M,Zasmusilho,Zasmusilmu,Zasmusilho,Zasmusily,Zasmusilm,Zasmusilym
Zasnen ,F,Zasnen,Zasnen,Zasnenou,Zasnen ,Zasnen,Zasnenou
Zasneny,M,Zasnenho,Zasnenmu,Zasnenho,Zasneny,Zasnenm,Zasnenym
Zatracen ,F,Zatracen,Zatracen,Zatracenou,Zatracen ,Zatracen,Zatracenou
Zatraceny,M,Zatracenho,Zatracenmu,Zatracenho,Zatraceny,Zatracenm,Zatracenym
Zatrpkl ,F,Zatrpkl,Zatrpkl,Zatrpklou,Zatrpkl ,Zatrpkl,Zatrpklou
Zatrpkly,M,Zatrpklho,Zatrpklmu,Zatrpklho,Zatrpkly,Zatrpklm,Zatrpklym
Zazoban ,F,Zazoban,Zazoban,Zazobanou,Zazoban ,Zazoban,Zazobanou
Zazobany,M,Zazobanho,Zazobanmu,Zazobanho,Zazobany,Zazobanm,Zazobanym
Z zracn ,F,Z zracn,Z zracn,Z zracnou,Z zracn ,Z zracn,Z zracnou
Z zracny,M,Z zracnho,Z zracnmu,Z zracnho,Z zracny,Z zracnm,Z zracnym
Zbabel ,F,Zbabel,Zbabel,Zbabelou,Zbabel ,Zbabel,Zbabelou
Zbabely,M,Zbabelho,Zbabelmu,Zbabelho,Zbabely,Zbabelm,Zbabelym
Zbojnice,F,Zbojnice,Zbojnici,Zbojnici,Zbojnice,Zbojnici,ZbojnicĄ
ZbojnĄk,M,ZbojnĄka,ZbojnĄkovi,ZbojnĄka,ZbojnĄku,ZbojnĄkovi,ZbojnĄkem
Zcestoval ,F,Zcestoval,Zcestoval,Zcestovalou,Zcestoval ,Zcestoval,Zcestovalou
Zcestovaly,M,Zcestovalho,Zcestovalmu,Zcestovalho,Zcestovaly,Zcestovalm,Zcestovalym
Zdatn ,F,Zdatn,Zdatn,Zdatnou,Zdatn ,Zdatn,Zdatnou
Zdatny,M,Zdatnho,Zdatnmu,Zdatnho,Zdatny,Zdatnm,Zdatnym
Zdrav ,F,Zdrav,Zdrav,Zdravou,Zdrav ,Zdrav,Zdravou
Zdravy,M,Zdravho,Zdravmu,Zdravho,Zdravy,Zdravm,Zdravym
Zelen ,F,Zelen,Zelen,Zelenou,Zelen ,Zelen,Zelenou
Zelenonoh ,F,Zelenonoh,Zelenonoh,Zelenonohou,Zelenonoh ,Zelenonoh,Zelenonohou
Zelenonohy,M,Zelenonohho,Zelenonohmu,Zelenonohho,Zelenonohy,Zelenonohm,Zelenonohym
Zelenook ,F,Zelenook,Zelenook,Zelenookou,Zelenook ,Zelenook,Zelenookou
Zelenooky,M,Zelenookho,Zelenookmu,Zelenookho,Zelenooky,Zelenookm,Zelenookym
Zelenoruk ,F,Zelenoruk,Zelenoruk,Zelenorukou,Zelenoruk ,Zelenoruk,Zelenorukou
Zelenoruky,M,Zelenorukho,Zelenorukmu,Zelenorukho,Zelenoruky,Zelenorukm,Zelenorukym
Zelenovlas ,F,Zelenovlas,Zelenovlas,Zelenovlasou,Zelenovlas ,Zelenovlas,Zelenovlasou
Zelenovlasy,M,Zelenovlasho,Zelenovlasmu,Zelenovlasho,Zelenovlasy,Zelenovlasm,Zelenovlasym
Zelenovous ,F,Zelenovous,Zelenovous,Zelenovousou,Zelenovous ,Zelenovous,Zelenovousou
Zelenovousy,M,Zelenovousho,Zelenovousmu,Zelenovousho,Zelenovousy,Zelenovousm,Zelenovousym
Zeleny,M,Zelenho,Zelenmu,Zelenho,Zeleny,Zelenm,Zelenym
ZĄvajĄcĄ,F,ZĄvajĄcĄ,ZĄvajĄcĄ,ZĄvajĄcĄ,ZĄvajĄcĄ,ZĄvajĄcĄ,ZĄvajĄcĄ
ZĄvajĄcĄ,M,ZĄvajĄcĄho,ZĄvajĄcĄmu,ZĄvajĄcĄho,ZĄvajĄcĄ,ZĄvajĄcĄm,ZĄvajĄcĄm
Zjizven ,F,Zjizven,Zjizven,Zjizvenou,Zjizven ,Zjizven,Zjizvenou
Zjizveny,M,Zjizvenho,Zjizvenmu,Zjizvenho,Zjizveny,Zjizvenm,Zjizvenym
Zkrachoval ,F,Zkrachoval,Zkrachoval,Zkrachovalou,Zkrachoval ,Zkrachoval,Zkrachovalou
Zkrachovaly,M,Zkrachovalho,Zkrachovalmu,Zkrachovalho,Zkrachovaly,Zkrachovalm,Zkrachovalym
Zkrousen ,F,Zkrousen,Zkrousen,Zkrousenou,Zkrousen ,Zkrousen,Zkrousenou
Zkrouseny,M,Zkrousenho,Zkrousenmu,Zkrousenho,Zkrouseny,Zkrousenm,Zkrousenym
Zkusen ,F,Zkusen,Zkusen,Zkusenou,Zkusen ,Zkusen,Zkusenou
Zkuseny,M,Zkusenho,Zkusenmu,Zkusenho,Zkuseny,Zkusenm,Zkusenym
Zl ,F,Zl,Zl,Zlou,Zl ,Zl,Zlou
Zlat ,F,Zlat,Zlat,Zlatou,Zlat ,Zlat,Zlatou
Zlatohlav ,F,Zlatohlav,Zlatohlav,Zlatohlavou,Zlatohlav ,Zlatohlav,Zlatohlavou
Zlatohlavy,M,Zlatohlavho,Zlatohlavmu,Zlatohlavho,Zlatohlavy,Zlatohlavm,Zlatohlavym
Zlatook ,F,Zlatook,Zlatook,Zlatookou,Zlatook ,Zlatook,Zlatookou
Zlatooky,M,Zlatookho,Zlatookmu,Zlatookho,Zlatooky,Zlatookm,Zlatookym
Zlatovlas ,F,Zlatovlas,Zlatovlas,Zlatovlasou,Zlatovlas ,Zlatovlas,Zlatovlasou
Zlatovlasy,M,Zlatovlasho,Zlatovlasmu,Zlatovlasho,Zlatovlasy,Zlatovlasm,Zlatovlasym
Zlatovous ,F,Zlatovous,Zlatovous,Zlatovousou,Zlatovous ,Zlatovous,Zlatovousou
Zlatovousy,M,Zlatovousho,Zlatovousmu,Zlatovousho,Zlatovousy,Zlatovousm,Zlatovousym
Zlaty,M,Zlatho,Zlatmu,Zlatho,Zlaty,Zlatm,Zlatym
Zlenivel ,F,Zlenivel,Zlenivel,Zlenivelou,Zlenivel ,Zlenivel,Zlenivelou
Zlenively,M,Zlenivelho,Zlenivelmu,Zlenivelho,Zlenively,Zlenivelm,Zlenivelym
Zlobiv ,F,Zlobiv,Zlobiv,Zlobivou,Zlobiv ,Zlobiv,Zlobivou
Zlobivy,M,Zlobivho,Zlobivmu,Zlobivho,Zlobivy,Zlobivm,Zlobivym
Zlodejn ,F,Zlodejn,Zlodejn,Zlodejnou,Zlodejn ,Zlodejn,Zlodejnou
Zlodejny,M,Zlodejnho,Zlodejnmu,Zlodejnho,Zlodejny,Zlodejnm,Zlodejnym
Zlomysln ,F,Zlomysln,Zlomysln,Zlomyslnou,Zlomysln ,Zlomysln,Zlomyslnou
Zlomyslny,M,Zlomyslnho,Zlomyslnmu,Zlomyslnho,Zlomyslny,Zlomyslnm,Zlomyslnym
Zlopocas ,F,Zlopocas,Zlopocas,Zlopocasou,Zlopocas ,Zlopocas,Zlopocasou
Zlopocasy,M,Zlopocasho,Zlopocasmu,Zlopocasho,Zlopocasy,Zlopocasm,Zlopocasym
Zlostn ,F,Zlostn,Zlostn,Zlostnou,Zlostn ,Zlostn,Zlostnou
Zlostny,M,Zlostnho,Zlostnmu,Zlostnho,Zlostny,Zlostnm,Zlostnym
Zlotril ,F,Zlotril,Zlotril,Zlotrilou,Zlotril ,Zlotril,Zlotrilou
Zlotrily,M,Zlotrilho,Zlotrilmu,Zlotrilho,Zlotrily,Zlotrilm,Zlotrilym
Zlovestn ,F,Zlovestn,Zlovestn,Zlovestnou,Zlovestn ,Zlovestn,Zlovestnou
Zlovestny,M,Zlovestnho,Zlovestnmu,Zlovestnho,Zlovestny,Zlovestnm,Zlovestnym
Zlovoln ,F,Zlovoln,Zlovoln,Zlovolnou,Zlovoln ,Zlovoln,Zlovolnou
Zlovolny,M,Zlovolnho,Zlovolnmu,Zlovolnho,Zlovolny,Zlovolnm,Zlovolnym
Zly,M,Zlho,Zlmu,Zlho,Zly,Zlm,Zlym
Znovunalezen ,F,Znovunalezen,Znovunalezen,Znovunalezenou,Znovunalezen ,Znovunalezen,Znovunalezenou
Znovunalezeny,M,Znovunalezenho,Znovunalezenmu,Znovunalezenho,Znovunalezeny,Znovunalezenm,Znovunalezenym
Znovunarozen ,F,Znovunarozen,Znovunarozen,Znovunarozenou,Znovunarozen ,Znovunarozen,Znovunarozenou
Znovunarozeny,M,Znovunarozenho,Znovunarozenmu,Znovunarozenho,Znovunarozeny,Znovunarozenm,Znovunarozenym
Znovuzrozen ,F,Znovuzrozen,Znovuzrozen,Znovuzrozenou,Znovuzrozen ,Znovuzrozen,Znovuzrozenou
Znovuzrozeny,M,Znovuzrozenho,Znovuzrozenmu,Znovuzrozenho,Znovuzrozeny,Znovuzrozenm,Znovuzrozenym
Znuden ,F,Znuden,Znuden,Znudenou,Znuden ,Znuden,Znudenou
Znudeny,M,Znudenho,Znudenmu,Znudenho,Znudeny,Znudenm,Znudenym
Zoufal ,F,Zoufal,Zoufal,Zoufalou,Zoufal ,Zoufal,Zoufalou
Zoufaly,M,Zoufalho,Zoufalmu,Zoufalho,Zoufaly,Zoufalm,Zoufalym
Zr dn ,F,Zr dn,Zr dn,Zr dnou,Zr dn ,Zr dn,Zr dnou
Zr dny,M,Zr dnho,Zr dnmu,Zr dnho,Zr dny,Zr dnm,Zr dnym
Zrzav ,F,Zrzav,Zrzav,Zrzavou,Zrzav ,Zrzav,Zrzavou
Zrzavy,M,Zrzavho,Zrzavmu,Zrzavho,Zrzavy,Zrzavm,Zrzavym
Ztracen ,F,Ztracen,Ztracen,Ztracenou,Ztracen ,Ztracen,Ztracenou
Ztraceny,M,Ztracenho,Ztracenmu,Ztracenho,Ztraceny,Ztracenm,Ztracenym
ZurĄcĄ,F,ZurĄcĄ,ZurĄcĄ,ZurĄcĄ,ZurĄcĄ,ZurĄcĄ,ZurĄcĄ
ZurĄcĄ,M,ZurĄcĄho,ZurĄcĄmu,ZurĄcĄho,ZurĄcĄ,ZurĄcĄm,ZurĄcĄm
Zuriv ,F,Zuriv,Zuriv,Zurivou,Zuriv ,Zuriv,Zurivou
Zurivy,M,Zurivho,Zurivmu,Zurivho,Zurivy,Zurivm,Zurivym
Zzenstily,M,Zzenstilho,Zzenstilmu,Zzenstilho,Zzenstily,Zzenstilm,Zzenstilym
Z rliv ,F,Z rliv,Z rliv,Z rlivou,Z rliv ,Z rliv,Z rlivou
Z rlivy,M,Z rlivho,Z rlivmu,Z rlivho,Z rlivy,Z rlivm,Z rlivym
Zebracka,F,Zebracky,Zebracce,Zebracku,Zebracko,Zebracce,Zebrackou
Zebr k,M,Zebr ka,Zebr kovi,Zebr ka,Zebr ku,Zebr kovi,Zebr kem
Zebrav ,F,Zebrav,Zebrav,Zebravou,Zebrav ,Zebrav,Zebravou
Zebravy,M,Zebravho,Zebravmu,Zebravho,Zebravy,Zebravm,Zebravym
Zelezn ,F,Zelezn,Zelezn,Zeleznou,Zelezn ,Zelezn,Zeleznou
Zelezny,M,Zeleznho,Zeleznmu,Zeleznho,Zelezny,Zeleznm,Zeleznym
Zhav ,F,Zhav,Zhav,Zhavou,Zhav ,Zhav,Zhavou
Zhavy,M,Zhavho,Zhavmu,Zhavho,Zhavy,Zhavm,Zhavym
