NAZEV,ROD,PAD2,PAD3,PAD4,PAD5,PAD6,PAD7,ULICE,NAMESTI
Ach tov ,F,Ach tov,Ach tov,Ach tovou,Ach tov ,Ach tov,Ach tovou,1,0
Ak tov ,F,Ak tov,Ak tov,Ak tovou,Ak tov ,Ak tov,Ak tovou,1,0
AkvamarĄnov ,F,AkvamarĄnov,AkvamarĄnov,AkvamarĄnovou,AkvamarĄnov ,AkvamarĄnov,AkvamarĄnovou,1,0
AlbatrosĄ,F,AlbatrosĄ,AlbatrosĄ,AlbatrosĄ,AlbatrosĄ,AlbatrosĄ,AlbatrosĄ,1,0
Avok dov ,F,Avok dov,Avok dov,Avok dovou,Avok dov ,Avok dov,Avok dovou,1,0
Babockov ,F,Babockov,Babockov,Babockovou,Babockov ,Babockov,Babockovou,1,0
BahennĄ,F,BahennĄ,BahennĄ,BahennĄ,BahennĄ,BahennĄ,BahennĄ,1,0
Balalajkov ,F,Balalajkov,Balalajkov,Balalajkovou,Balalajkov ,Balalajkov,Balalajkovou,1,0
Balkonov ,F,Balkonov,Balkonov,Balkonovou,Balkonov ,Balkonov,Balkonovou,1,0
Balk˘nov ,F,Balk˘nov,Balk˘nov,Balk˘novou,Balk˘nov ,Balk˘nov,Balk˘novou,1,0
Balonkov ,F,Balonkov,Balonkov,Balonkovou,Balonkov ,Balonkov,Balonkovou,1,0
Bal˘nkov ,F,Bal˘nkov,Bal˘nkov,Bal˘nkovou,Bal˘nkov ,Bal˘nkov,Bal˘nkovou,1,0
Balonov ,F,Balonov,Balonov,Balonovou,Balonov ,Balonov,Balonovou,1,0
Bal˘nov ,F,Bal˘nov,Bal˘nov,Bal˘novou,Bal˘nov ,Bal˘nov,Bal˘novou,1,0
Ban nov ,F,Ban nov,Ban nov,Ban novou,Ban nov ,Ban nov,Ban novou,1,0
Barevn ,F,Barevn,Barevn,Barevnou,Barevn ,Barevn,Barevnou,1,0
Bedlov ,F,Bedlov,Bedlov,Bedlovou,Bedlov ,Bedlov,Bedlovou,1,0
Bezinkov ,F,Bezinkov,Bezinkov,Bezinkovou,Bezinkov ,Bezinkov,Bezinkovou,1,0
Bezeck ,F,Bezeck,Bezeck,Bezeckou,Bezeck ,Bezeck,Bezeckou,1,0
BĄl ,F,BĄl,BĄl,BĄlou,BĄl ,BĄl,BĄlou,1,0
Bl hov ,F,Bl hov,Bl hov,Bl hovou,Bl hov ,Bl hov,Bl hovou,1,0
BlahovicnĄkov ,F,BlahovicnĄkov,BlahovicnĄkov,BlahovicnĄkovou,BlahovicnĄkov ,BlahovicnĄkov,BlahovicnĄkovou,1,0
Bl ten ,F,Bl ten,Bl ten,Bl tenou,Bl ten ,Bl ten,Bl tenou,1,0
Blatn ,F,Blatn,Blatn,Blatnou,Blatn ,Blatn,Blatnou,1,0
Bleskov ,F,Bleskov,Bleskov,Bleskovou,Bleskov ,Bleskov,Bleskovou,1,0
BlĄzk ,F,BlĄzk,BlĄzk,BlĄzkou,BlĄzk ,BlĄzk,BlĄzkou,1,0
Bludickov ,F,Bludickov,Bludickov,Bludickovou,Bludickov ,Bludickov,Bludickovou,1,0
Bludn ,F,Bludn,Bludn,Bludnou,Bludn ,Bludn,Bludnou,1,0
Bobkov ,F,Bobkov,Bobkov,Bobkovou,Bobkov ,Bobkov,Bobkovou,1,0
BobrĄ,F,BobrĄ,BobrĄ,BobrĄ,BobrĄ,BobrĄ,BobrĄ,1,0
Bobulov ,F,Bobulov,Bobulov,Bobulovou,Bobulov ,Bobulov,Bobulovou,1,0
Bolav ,F,Bolav,Bolav,Bolavou,Bolav ,Bolav,Bolavou,1,0
Bolehlavov ,F,Bolehlavov,Bolehlavov,Bolehlavovou,Bolehlavov ,Bolehlavov,Bolehlavovou,1,0
Boruvkov ,F,Boruvkov,Boruvkov,Boruvkovou,Boruvkov ,Boruvkov,Boruvkovou,1,0
Bramborov ,F,Bramborov,Bramborov,Bramborovou,Bramborov ,Bramborov,Bramborovou,1,0
BramborĄkov ,F,BramborĄkov,BramborĄkov,BramborĄkovou,BramborĄkov ,BramborĄkov,BramborĄkovou,1,0
Bratrsk ,F,Bratrsk,Bratrsk,Bratrskou,Bratrsk ,Bratrsk,Bratrskou,1,0
Brodov ,F,Brodov,Brodov,Brodovou,Brodov ,Brodov,Brodovou,1,0
Bronzov ,F,Bronzov,Bronzov,Bronzovou,Bronzov ,Bronzov,Bronzovou,1,0
Broskvov ,F,Broskvov,Broskvov,Broskvovou,Broskvov ,Broskvov,Broskvovou,1,0
Brusinkov ,F,Brusinkov,Brusinkov,Brusinkovou,Brusinkov ,Brusinkov,Brusinkovou,1,0
Brezov ,F,Brezov,Brezov,Brezovou,Brezov ,Brezov,Brezovou,1,0
Bublinov ,F,Bublinov,Bublinov,Bublinovou,Bublinov ,Bublinov,Bublinovou,1,0
Bubnov ,F,Bubnov,Bubnov,Bubnovou,Bubnov ,Bubnov,Bubnovou,1,0
Bukov ,F,Bukov,Bukov,Bukovou,Bukov ,Bukov,Bukovou,1,0
Bukvicov ,F,Bukvicov,Bukvicov,Bukvicovou,Bukvicov ,Bukvicov,Bukvicovou,1,0
Bylinkov ,F,Bylinkov,Bylinkov,Bylinkovou,Bylinkov ,Bylinkov,Bylinkovou,1,0
Bylinn ,F,Bylinn,Bylinn,Bylinnou,Bylinn ,Bylinn,Bylinnou,1,0
Cechov ,F,Cechov,Cechov,Cechovou,Cechov ,Cechov,Cechovou,1,0
Cedrov ,F,Cedrov,Cedrov,Cedrovou,Cedrov ,Cedrov,Cedrovou,1,0
Centr lnĄ,F,Centr lnĄ,Centr lnĄ,Centr lnĄ,Centr lnĄ,Centr lnĄ,Centr lnĄ,1,0
Centr lnĄ n mestĄ,N,Centr lnĄho n mestĄ,Centr lnĄmu n mestĄ,Centr lnĄ n mestĄ,Centr lnĄ n mestĄ,Centr lnĄm n mestĄ,Centr lnĄm n mestĄm,0,1
Cepov ,F,Cepov,Cepov,Cepovou,Cepov ,Cepov,Cepovou,1,0
CesmĄnov ,F,CesmĄnov,CesmĄnov,CesmĄnovou,CesmĄnov ,CesmĄnov,CesmĄnovou,1,0
Chlebov ,F,Chlebov,Chlebov,Chlebovou,Chlebov ,Chlebov,Chlebovou,1,0
Chrob cĄ,F,Chrob cĄ,Chrob cĄ,Chrob cĄ,Chrob cĄ,Chrob cĄ,Chrob cĄ,1,0
Chrpov ,F,Chrpov,Chrpov,Chrpovou,Chrpov ,Chrpov,Chrpovou,1,0
Chudobkov ,F,Chudobkov,Chudobkov,Chudobkovou,Chudobkov ,Chudobkov,Chudobkovou,1,0
Cibulov ,F,Cibulov,Cibulov,Cibulovou,Cibulov ,Cibulov,Cibulovou,1,0
Cimb lov ,F,Cimb lov,Cimb lov,Cimb lovou,Cimb lov ,Cimb lov,Cimb lovou,1,0
Citr˘nov ,F,Citr˘nov,Citr˘nov,Citr˘novou,Citr˘nov ,Citr˘nov,Citr˘novou,1,0
Cukr rsk ,F,Cukr rsk,Cukr rsk,Cukr rskou,Cukr rsk ,Cukr rsk,Cukr rskou,1,0
Cukrov ,F,Cukrov,Cukrov,Cukrovou,Cukrov ,Cukrov,Cukrovou,1,0
Cajov ,F,Cajov,Cajov,Cajovou,Cajov ,Cajov,Cajovou,1,0
CapĄ,F,CapĄ,CapĄ,CapĄ,CapĄ,CapĄ,CapĄ,1,0
Carovn ,F,Carovn,Carovn,Carovnou,Carovn ,Carovn,Carovnou,1,0
Cern ,F,Cern,Cern,Cernou,Cern ,Cern,Cernou,1,0
Cerven ,F,Cerven,Cerven,Cervenou,Cerven ,Cerven,Cervenou,1,0
Cesnekov ,F,Cesnekov,Cesnekov,Cesnekovou,Cesnekov ,Cesnekov,Cesnekovou,1,0
Cmel cĄ,F,Cmel cĄ,Cmel cĄ,Cmel cĄ,Cmel cĄ,Cmel cĄ,Cmel cĄ,1,0
Cockov ,F,Cockov,Cockov,Cockovou,Cockov ,Cockov,Cockovou,1,0
Ctvercov ,F,Ctvercov,Ctvercov,Ctvercovou,Ctvercov ,Ctvercov,Ctvercovou,1,0
Ctvercov n mestĄ,N,Ctvercovho n mestĄ,Ctvercovmu n mestĄ,Ctvercov n mestĄ,Ctvercov n mestĄ,Ctvercovm n mestĄ,Ctvercovym n mestĄm,0,1
Dalek ,F,Dalek,Dalek,Dalekou,Dalek ,Dalek,Dalekou,1,0
Datlov ,F,Datlov,Datlov,Datlovou,Datlov ,Datlov,Datlovou,1,0
DennĄ,F,DennĄ,DennĄ,DennĄ,DennĄ,DennĄ,DennĄ,1,0
Derav ,F,Derav,Derav,Deravou,Derav ,Derav,Deravou,1,0
Destov ,F,Destov,Destov,Destovou,Destov ,Destov,Destovou,1,0
Diskarsk ,F,Diskarsk,Diskarsk,Diskarskou,Diskarsk ,Diskarsk,Diskarskou,1,0
Diskov ,F,Diskov,Diskov,Diskovou,Diskov ,Diskov,Diskovou,1,0
DlascĄ,F,DlascĄ,DlascĄ,DlascĄ,DlascĄ,DlascĄ,DlascĄ,1,0
Dl zden ,F,Dl zden,Dl zden,Dl zdenou,Dl zden ,Dl zden,Dl zdenou,1,0
Dlouh ,F,Dlouh,Dlouh,Dlouhou,Dlouh ,Dlouh,Dlouhou,1,0
Dlouh n mestĄ,N,Dlouhho n mestĄ,Dlouhmu n mestĄ,Dlouh n mestĄ,Dlouh n mestĄ,Dlouhm n mestĄ,Dlouhym n mestĄm,0,1
DolnĄ,F,DolnĄ,DolnĄ,DolnĄ,DolnĄ,DolnĄ,DolnĄ,1,0
DostavnĄkov ,F,DostavnĄkov,DostavnĄkov,DostavnĄkovou,DostavnĄkov ,DostavnĄkov,DostavnĄkovou,1,0
Dr ten ,F,Dr ten,Dr ten,Dr tenou,Dr ten ,Dr ten,Dr tenou,1,0
Dr tenick ,F,Dr tenick,Dr tenick,Dr tenickou,Dr tenick ,Dr tenick,Dr tenickou,1,0
Drnov ,F,Drnov,Drnov,Drnovou,Drnov ,Drnov,Drnovou,1,0
Drevarsk ,F,Drevarsk,Drevarsk,Drevarskou,Drevarsk ,Drevarsk,Drevarskou,1,0
Dreven ,F,Dreven,Dreven,Drevenou,Dreven ,Dreven,Drevenou,1,0
Dreven n mestĄ,N,Drevenho n mestĄ,Drevenmu n mestĄ,Dreven n mestĄ,Dreven n mestĄ,Drevenm n mestĄ,Drevenym n mestĄm,0,1
Dubov ,F,Dubov,Dubov,Dubovou,Dubov ,Dubov,Dubovou,1,0
Duk tov ,F,Duk tov,Duk tov,Duk tovou,Duk tov ,Duk tov,Duk tovou,1,0
Dulezit ,F,Dulezit,Dulezit,Dulezitou,Dulezit ,Dulezit,Dulezitou,1,0
Durmanov ,F,Durmanov,Durmanov,Durmanovou,Durmanov ,Durmanov,Durmanovou,1,0
Dvoreck ,F,Dvoreck,Dvoreck,Dvoreckou,Dvoreck ,Dvoreck,Dvoreckou,1,0
DvornĄ,F,DvornĄ,DvornĄ,DvornĄ,DvornĄ,DvornĄ,DvornĄ,1,0
Ebenov ,F,Ebenov,Ebenov,Ebenovou,Ebenov ,Ebenov,Ebenovou,1,0
Fazolov ,F,Fazolov,Fazolov,Fazolovou,Fazolov ,Fazolov,Fazolovou,1,0
Fialkov ,F,Fialkov,Fialkov,Fialkovou,Fialkov ,Fialkov,Fialkovou,1,0
Fialov ,F,Fialov,Fialov,Fialovou,Fialov ,Fialov,Fialovou,1,0
FĄkov ,F,FĄkov,FĄkov,FĄkovou,FĄkov ,FĄkov,FĄkovou,1,0
Habrov ,F,Habrov,Habrov,Habrovou,Habrov ,Habrov,Habrovou,1,0
HadĄ,F,HadĄ,HadĄ,HadĄ,HadĄ,HadĄ,HadĄ,1,0
Hadov ,F,Hadov,Hadov,Hadovou,Hadov ,Hadov,Hadovou,1,0
Hadovit ,F,Hadovit,Hadovit,Hadovitou,Hadovit ,Hadovit,Hadovitou,1,0
Hadrov ,F,Hadrov,Hadrov,Hadrovou,Hadrov ,Hadrov,Hadrovou,1,0
Harfov ,F,Harfov,Harfov,Harfovou,Harfov ,Harfov,Harfovou,1,0
HavranĄ,F,HavranĄ,HavranĄ,HavranĄ,HavranĄ,HavranĄ,HavranĄ,1,0
HlavnĄ,F,HlavnĄ,HlavnĄ,HlavnĄ,HlavnĄ,HlavnĄ,HlavnĄ,1,0
HlodavcĄ,F,HlodavcĄ,HlodavcĄ,HlodavcĄ,HlodavcĄ,HlodavcĄ,HlodavcĄ,1,0
Hned ,F,Hned,Hned,Hnedou,Hned ,Hned,Hnedou,1,0
HolubĄ,F,HolubĄ,HolubĄ,HolubĄ,HolubĄ,HolubĄ,HolubĄ,1,0
HornĄ,F,HornĄ,HornĄ,HornĄ,HornĄ,HornĄ,HornĄ,1,0
HornĄ n mestĄ,N,HornĄho n mestĄ,HornĄmu n mestĄ,HornĄ n mestĄ,HornĄ n mestĄ,HornĄm n mestĄ,HornĄm n mestĄm,0,1
Hornick ,F,Hornick,Hornick,Hornickou,Hornick ,Hornick,Hornickou,1,0
Horsk ,F,Horsk,Horsk,Horskou,Horsk ,Horsk,Horskou,1,0
Hospodsk ,F,Hospodsk,Hospodsk,Hospodskou,Hospodsk ,Hospodsk,Hospodskou,1,0
Hostinsk ,F,Hostinsk,Hostinsk,Hostinskou,Hostinsk ,Hostinsk,Hostinskou,1,0
Houbov ,F,Houbov,Houbov,Houbovou,Houbov ,Houbov,Houbovou,1,0
HouserĄ,F,HouserĄ,HouserĄ,HouserĄ,HouserĄ,HouserĄ,HouserĄ,1,0
Hrachov ,F,Hrachov,Hrachov,Hrachovou,Hrachov ,Hrachov,Hrachovou,1,0
HradebnĄ,F,HradebnĄ,HradebnĄ,HradebnĄ,HradebnĄ,HradebnĄ,HradebnĄ,1,0
HradnĄ,F,HradnĄ,HradnĄ,HradnĄ,HradnĄ,HradnĄ,HradnĄ,1,0
Hradov ,F,Hradov,Hradov,Hradovou,Hradov ,Hradov,Hradovou,1,0
Hranat ,F,Hranat,Hranat,Hranatou,Hranat ,Hranat,Hranatou,1,0
Hranic rsk ,F,Hranic rsk,Hranic rsk,Hranic rskou,Hranic rsk ,Hranic rsk,Hranic rskou,1,0
HranicnĄ,F,HranicnĄ,HranicnĄ,HranicnĄ,HranicnĄ,HranicnĄ,HranicnĄ,1,0
Hr zov ,F,Hr zov,Hr zov,Hr zovou,Hr zov ,Hr zov,Hr zovou,1,0
Hrobarsk ,F,Hrobarsk,Hrobarsk,Hrobarskou,Hrobarsk ,Hrobarsk,Hrobarskou,1,0
Hrobov ,F,Hrobov,Hrobov,Hrobovou,Hrobov ,Hrobov,Hrobovou,1,0
Hromov ,F,Hromov,Hromov,Hromovou,Hromov ,Hromov,Hromovou,1,0
Hroznov ,F,Hroznov,Hroznov,Hroznovou,Hroznov ,Hroznov,Hroznovou,1,0
Hruskov ,F,Hruskov,Hruskov,Hruskovou,Hruskov ,Hruskov,Hruskovou,1,0
Hrusnov ,F,Hrusnov,Hrusnov,Hrusnovou,Hrusnov ,Hrusnov,Hrusnovou,1,0
Hrebenov ,F,Hrebenov,Hrebenov,Hrebenovou,Hrebenov ,Hrebenov,Hrebenovou,1,0
Hribov ,F,Hribov,Hribov,Hribovou,Hribov ,Hribov,Hribovou,1,0
HusĄ,F,HusĄ,HusĄ,HusĄ,HusĄ,HusĄ,HusĄ,1,0
Hvezdn ,F,Hvezdn,Hvezdn,Hvezdnou,Hvezdn ,Hvezdn,Hvezdnou,1,0
Jablecn ,F,Jablecn,Jablecn,Jablecnou,Jablecn ,Jablecn,Jablecnou,1,0
Jablkov ,F,Jablkov,Jablkov,Jablkovou,Jablkov ,Jablkov,Jablkovou,1,0
Jablonov ,F,Jablonov,Jablonov,Jablonovou,Jablonov ,Jablonov,Jablonovou,1,0
JarnĄ,F,JarnĄ,JarnĄ,JarnĄ,JarnĄ,JarnĄ,JarnĄ,1,0
JasmĄnov ,F,JasmĄnov,JasmĄnov,JasmĄnovou,JasmĄnov ,JasmĄnov,JasmĄnovou,1,0
Jasn ,F,Jasn,Jasn,Jasnou,Jasn ,Jasn,Jasnou,1,0
Jecmenn ,F,Jecmenn,Jecmenn,Jecmennou,Jecmenn ,Jecmenn,Jecmennou,1,0
Jecn ,F,Jecn,Jecn,Jecnou,Jecn ,Jecn,Jecnou,1,0
Jedlov ,F,Jedlov,Jedlov,Jedlovou,Jedlov ,Jedlov,Jedlovou,1,0
Jednosmern ,F,Jednosmern,Jednosmern,Jednosmernou,Jednosmern ,Jednosmern,Jednosmernou,1,0
Jednostrann ,F,Jednostrann,Jednostrann,Jednostrannou,Jednostrann ,Jednostrann,Jednostrannou,1,0
Jedov ,F,Jedov,Jedov,Jedovou,Jedov ,Jedov,Jedovou,1,0
Jehlanov ,F,Jehlanov,Jehlanov,Jehlanovou,Jehlanov ,Jehlanov,Jehlanovou,1,0
Jehlickov ,F,Jehlickov,Jehlickov,Jehlickovou,Jehlickov ,Jehlickov,Jehlickovou,1,0
Jehlov ,F,Jehlov,Jehlov,Jehlovou,Jehlov ,Jehlov,Jehlovou,1,0
JelenĄ,F,JelenĄ,JelenĄ,JelenĄ,JelenĄ,JelenĄ,JelenĄ,1,0
JesterĄ,F,JesterĄ,JesterĄ,JesterĄ,JesterĄ,JesterĄ,JesterĄ,1,0
Jetelov ,F,Jetelov,Jetelov,Jetelovou,Jetelov ,Jetelov,Jetelovou,1,0
JezernĄ,F,JezernĄ,JezernĄ,JezernĄ,JezernĄ,JezernĄ,JezernĄ,1,0
JihovychodnĄ,F,JihovychodnĄ,JihovychodnĄ,JihovychodnĄ,JihovychodnĄ,JihovychodnĄ,JihovychodnĄ,1,0
Jihoz padnĄ,F,Jihoz padnĄ,Jihoz padnĄ,Jihoz padnĄ,Jihoz padnĄ,Jihoz padnĄ,Jihoz padnĄ,1,0
JĄlov ,F,JĄlov,JĄlov,JĄlovou,JĄlov ,JĄlov,JĄlovou,1,0
Jitrnicov ,F,Jitrnicov,Jitrnicov,Jitrnicovou,Jitrnicov ,Jitrnicov,Jitrnicovou,1,0
JiznĄ,F,JiznĄ,JiznĄ,JiznĄ,JiznĄ,JiznĄ,JiznĄ,1,0
Jurtov ,F,Jurtov,Jurtov,Jurtovou,Jurtov ,Jurtov,Jurtovou,1,0
Jutov ,F,Jutov,Jutov,Jutovou,Jutov ,Jutov,Jutovou,1,0
KachnĄ,F,KachnĄ,KachnĄ,KachnĄ,KachnĄ,KachnĄ,KachnĄ,1,0
Kakostov ,F,Kakostov,Kakostov,Kakostovou,Kakostov ,Kakostov,Kakostovou,1,0
Kamenn ,F,Kamenn,Kamenn,Kamennou,Kamenn ,Kamenn,Kamennou,1,0
Kankov ,F,Kankov,Kankov,Kankovou,Kankov ,Kankov,Kankovou,1,0
Kaprov ,F,Kaprov,Kaprov,Kaprovou,Kaprov ,Kaprov,Kaprovou,1,0
Karafi tov ,F,Karafi tov,Karafi tov,Karafi tovou,Karafi tov ,Karafi tov,Karafi tovou,1,0
Karfiolov ,F,Karfiolov,Karfiolov,Karfiolovou,Karfiolov ,Karfiolov,Karfiolovou,1,0
Kdoulov ,F,Kdoulov,Kdoulov,Kdoulovou,Kdoulov ,Kdoulov,Kdoulovou,1,0
Ke KrĄzku,,Ke KrĄzku,Ke KrĄzku,Ke KrĄzku,Ke KrĄzku,Ke KrĄzku,Ke KrĄzku,1,0
Klob sov ,F,Klob sov,Klob sov,Klob sovou,Klob sov ,Klob sov,Klob sovou,1,0
KocicĄ,F,KocicĄ,KocicĄ,KocicĄ,KocicĄ,KocicĄ,KocicĄ,1,0
KohoutĄ,F,KohoutĄ,KohoutĄ,KohoutĄ,KohoutĄ,KohoutĄ,KohoutĄ,1,0
Kol cov ,F,Kol cov,Kol cov,Kol covou,Kol cov ,Kol cov,Kol covou,1,0
Kolesov ,F,Kolesov,Kolesov,Kolesovou,Kolesov ,Kolesov,Kolesovou,1,0
Kolm ,F,Kolm,Kolm,Kolmou,Kolm ,Kolm,Kolmou,1,0
Kolov ,F,Kolov,Kolov,Kolovou,Kolov ,Kolov,Kolovou,1,0
Kominick ,F,Kominick,Kominick,Kominickou,Kominick ,Kominick,Kominickou,1,0
KomĄnov ,F,KomĄnov,KomĄnov,KomĄnovou,KomĄnov ,KomĄnov,KomĄnovou,1,0
Koncov ,F,Koncov,Koncov,Koncovou,Koncov ,Koncov,Koncovou,1,0
Konecn ,F,Konecn,Konecn,Konecnou,Konecn ,Konecn,Konecnou,1,0
Koniklecov ,F,Koniklecov,Koniklecov,Koniklecovou,Koniklecov ,Koniklecov,Koniklecovou,1,0
Konsk ,F,Konsk,Konsk,Konskou,Konsk ,Konsk,Konskou,1,0
Koprivov ,F,Koprivov,Koprivov,Koprivovou,Koprivov ,Koprivov,Koprivovou,1,0
Kos ,F,Kos,Kos,Kosou,Kos ,Kos,Kosou,1,0
KosĄ,F,KosĄ,KosĄ,KosĄ,KosĄ,KosĄ,KosĄ,1,0
KosodlnĄkov ,F,KosodlnĄkov,KosodlnĄkov,KosodlnĄkovou,KosodlnĄkov ,KosodlnĄkov,KosodlnĄkovou,1,0
KostelnĄ,F,KostelnĄ,KostelnĄ,KostelnĄ,KostelnĄ,KostelnĄ,KostelnĄ,1,0
Kosten ,F,Kosten,Kosten,Kostenou,Kosten ,Kosten,Kostenou,1,0
Kotl rsk ,F,Kotl rsk,Kotl rsk,Kotl rskou,Kotl rsk ,Kotl rsk,Kotl rskou,1,0
Kotlinov ,F,Kotlinov,Kotlinov,Kotlinovou,Kotlinov ,Kotlinov,Kotlinovou,1,0
Koudelov ,F,Koudelov,Koudelov,Koudelovou,Koudelov ,Koudelov,Koudelovou,1,0
Koukolov ,F,Koukolov,Koukolov,Koukolovou,Koukolov ,Koukolov,Koukolovou,1,0
Koularsk ,F,Koularsk,Koularsk,Koularskou,Koularsk ,Koularsk,Koularskou,1,0
Kouzelnick ,F,Kouzelnick,Kouzelnick,Kouzelnickou,Kouzelnick ,Kouzelnick,Kouzelnickou,1,0
Kov rsk ,F,Kov rsk,Kov rsk,Kov rskou,Kov rsk ,Kov rsk,Kov rskou,1,0
Kovotepeck ,F,Kovotepeck,Kovotepeck,Kovotepeckou,Kovotepeck ,Kovotepeck,Kovotepeckou,1,0
Kovov ,F,Kovov,Kovov,Kovovou,Kovov ,Kovov,Kovovou,1,0
KozĄ,F,KozĄ,KozĄ,KozĄ,KozĄ,KozĄ,KozĄ,1,0
Kozarsk ,F,Kozarsk,Kozarsk,Kozarskou,Kozarsk ,Kozarsk,Kozarskou,1,0
KrabĄ,F,KrabĄ,KrabĄ,KrabĄ,KrabĄ,KrabĄ,KrabĄ,1,0
KrajnĄ,F,KrajnĄ,KrajnĄ,KrajnĄ,KrajnĄ,KrajnĄ,KrajnĄ,1,0
KrajnĄ n mestĄ,N,KrajnĄho n mestĄ,KrajnĄmu n mestĄ,KrajnĄ n mestĄ,KrajnĄ n mestĄ,KrajnĄm n mestĄ,KrajnĄm n mestĄm,0,1
Kr licĄ,F,Kr licĄ,Kr licĄ,Kr licĄ,Kr licĄ,Kr licĄ,Kr licĄ,1,0
Kr lovsk ,F,Kr lovsk,Kr lovsk,Kr lovskou,Kr lovsk ,Kr lovsk,Kr lovskou,1,0
Kr tk ,F,Kr tk,Kr tk,Kr tkou,Kr tk ,Kr tk,Kr tkou,1,0
KravĄ,F,KravĄ,KravĄ,KravĄ,KravĄ,KravĄ,KravĄ,1,0
Kroupov ,F,Kroupov,Kroupov,Kroupovou,Kroupov ,Kroupov,Kroupovou,1,0
Krovkov ,F,Krovkov,Krovkov,Krovkovou,Krovkov ,Krovkov,Krovkovou,1,0
Krupkov ,F,Krupkov,Krupkov,Krupkovou,Krupkov ,Krupkov,Krupkovou,1,0
Krupov ,F,Krupov,Krupov,Krupovou,Krupov ,Krupov,Krupovou,1,0
KrutĄ,F,KrutĄ,KrutĄ,KrutĄ,KrutĄ,KrutĄ,KrutĄ,1,0
KrysĄ,F,KrysĄ,KrysĄ,KrysĄ,KrysĄ,KrysĄ,KrysĄ,1,0
KrepelcĄ,F,KrepelcĄ,KrepelcĄ,KrepelcĄ,KrepelcĄ,KrepelcĄ,KrepelcĄ,1,0
Kriv ,F,Kriv,Kriv,Krivou,Kriv ,Kriv,Krivou,1,0
Krivolak ,F,Krivolak,Krivolak,Krivolakou,Krivolak ,Krivolak,Krivolakou,1,0
KrĄzn ,F,KrĄzn,KrĄzn,KrĄznou,KrĄzn ,KrĄzn,KrĄznou,1,0
KrĄzov ,F,KrĄzov,KrĄzov,KrĄzovou,KrĄzov ,KrĄzov,KrĄzovou,1,0
KukaccĄ,F,KukaccĄ,KukaccĄ,KukaccĄ,KukaccĄ,KukaccĄ,KukaccĄ,1,0
Kuklov ,F,Kuklov,Kuklov,Kuklovou,Kuklov ,Kuklov,Kuklovou,1,0
Kulat ,F,Kulat,Kulat,Kulatou,Kulat ,Kulat,Kulatou,1,0
Kulat n mestĄ,N,Kulatho n mestĄ,Kulatmu n mestĄ,Kulat n mestĄ,Kulat n mestĄ,Kulatm n mestĄ,Kulatym n mestĄm,0,1
Kulin rsk ,F,Kulin rsk,Kulin rsk,Kulin rskou,Kulin rsk ,Kulin rsk,Kulin rskou,1,0
Kulov ,F,Kulov,Kulov,Kulovou,Kulov ,Kulov,Kulovou,1,0
KunĄ,F,KunĄ,KunĄ,KunĄ,KunĄ,KunĄ,KunĄ,1,0
KuryrnĄ,F,KuryrnĄ,KuryrnĄ,KuryrnĄ,KuryrnĄ,KuryrnĄ,KuryrnĄ,1,0
KurecĄ,F,KurecĄ,KurecĄ,KurecĄ,KurecĄ,KurecĄ,KurecĄ,1,0
Kvet kov ,F,Kvet kov,Kvet kov,Kvet kovou,Kvet kov ,Kvet kov,Kvet kovou,1,0
Kvetinov ,F,Kvetinov,Kvetinov,Kvetinovou,Kvetinov ,Kvetinov,Kvetinovou,1,0
Kvetn ,F,Kvetn,Kvetn,Kvetnou,Kvetn ,Kvetn,Kvetnou,1,0
Kvetov ,F,Kvetov,Kvetov,Kvetovou,Kvetov ,Kvetov,Kvetovou,1,0
LabutĄ,F,LabutĄ,LabutĄ,LabutĄ,LabutĄ,LabutĄ,LabutĄ,1,0
Lacn ,F,Lacn,Lacn,Lacnou,Lacn ,Lacn,Lacnou,1,0
LeknĄnov ,F,LeknĄnov,LeknĄnov,LeknĄnovou,LeknĄnov ,LeknĄnov,LeknĄnovou,1,0
LelcĄ,F,LelcĄ,LelcĄ,LelcĄ,LelcĄ,LelcĄ,LelcĄ,1,0
Lemovan ,F,Lemovan,Lemovan,Lemovanou,Lemovan ,Lemovan,Lemovanou,1,0
LeopardĄ,F,LeopardĄ,LeopardĄ,LeopardĄ,LeopardĄ,LeopardĄ,LeopardĄ,1,0
LesnĄ,F,LesnĄ,LesnĄ,LesnĄ,LesnĄ,LesnĄ,LesnĄ,1,0
LetnĄ,F,LetnĄ,LetnĄ,LetnĄ,LetnĄ,LetnĄ,LetnĄ,1,0
Lev ,F,Lev,Lev,Levou,Lev ,Lev,Levou,1,0
Levandulov ,F,Levandulov,Levandulov,Levandulovou,Levandulov ,Levandulov,Levandulovou,1,0
Lev n mestĄ,N,Levho n mestĄ,Levmu n mestĄ,Lev n mestĄ,Lev n mestĄ,Levm n mestĄ,Levym n mestĄ,0,1
Liliov ,F,Liliov,Liliov,Liliovou,Liliov ,Liliov,Liliovou,1,0
Lilkov ,F,Lilkov,Lilkov,Lilkovou,Lilkov ,Lilkov,Lilkovou,1,0
Lipov ,F,Lipov,Lipov,Lipovou,Lipov ,Lipov,Lipovou,1,0
LĄpov ,F,LĄpov,LĄpov,LĄpovou,LĄpov ,LĄpov,LĄpovou,1,0
LĄskov ,F,LĄskov,LĄskov,LĄskovou,LĄskov ,LĄskov,LĄskovou,1,0
Listov ,F,Listov,Listov,Listovou,Listov ,Listov,Listovou,1,0
LiscĄ,F,LiscĄ,LiscĄ,LiscĄ,LiscĄ,LiscĄ,LiscĄ,1,0
Lnen ,F,Lnen,Lnen,Lnenou,Lnen ,Lnen,Lnenou,1,0
LodnĄ,F,LodnĄ,LodnĄ,LodnĄ,LodnĄ,LodnĄ,LodnĄ,1,0
Lopuchov ,F,Lopuchov,Lopuchov,Lopuchovou,Lopuchov ,Lopuchov,Lopuchovou,1,0
LosĄ,F,LosĄ,LosĄ,LosĄ,LosĄ,LosĄ,LosĄ,1,0
LososĄ,F,LososĄ,LososĄ,LososĄ,LososĄ,LososĄ,LososĄ,1,0
Lotosov ,F,Lotosov,Lotosov,Lotosovou,Lotosov ,Lotosov,Lotosovou,1,0
Loupeznick ,F,Loupeznick,Loupeznick,Loupeznickou,Loupeznick ,Loupeznick,Loupeznickou,1,0
Loutnov ,F,Loutnov,Loutnov,Loutnovou,Loutnov ,Loutnov,Loutnovou,1,0
LucnĄ,F,LucnĄ,LucnĄ,LucnĄ,LucnĄ,LucnĄ,LucnĄ,1,0
Lukov ,F,Lukov,Lukov,Lukovou,Lukov ,Lukov,Lukovou,1,0
Luzn ,F,Luzn,Luzn,Luznou,Luzn ,Luzn,Luznou,1,0
LuznĄ,F,LuznĄ,LuznĄ,LuznĄ,LuznĄ,LuznĄ,LuznĄ,1,0
LvĄ,F,LvĄ,LvĄ,LvĄ,LvĄ,LvĄ,LvĄ,1,0
Makov ,F,Makov,Makov,Makovou,Makov ,Makov,Makovou,1,0
M kov ,F,M kov,M kov,M kovou,M kov ,M kov,M kovou,1,0
Mal ,F,Mal,Mal,Malou,Mal ,Mal,Malou,1,0
Mal n mestĄ,N,Malho n mestĄ,Malmu n mestĄ,Mal n mestĄ,Mal n mestĄ,Malm n mestĄ,Malym n mestĄm,0,1
Malinov ,F,Malinov,Malinov,Malinovou,Malinov ,Malinov,Malinovou,1,0
Malovan ,F,Malovan,Malovan,Malovanou,Malovan ,Malovan,Malovanou,1,0
Mandlov ,F,Mandlov,Mandlov,Mandlovou,Mandlov ,Mandlov,Mandlovou,1,0
Marmel dov ,F,Marmel dov,Marmel dov,Marmel dovou,Marmel dov ,Marmel dov,Marmel dovou,1,0
Masn ,F,Masn,Masn,Masnou,Masn ,Masn,Masnou,1,0
M tov ,F,M tov,M tov,M tovou,M tov ,M tov,M tovou,1,0
Mechov ,F,Mechov,Mechov,Mechovou,Mechov ,Mechov,Mechovou,1,0
Mecov ,F,Mecov,Mecov,Mecovou,Mecov ,Mecov,Mecovou,1,0
Med kov ,F,Med kov,Med kov,Med kovou,Med kov ,Med kov,Med kovou,1,0
Meden ,F,Meden,Meden,Medenou,Meden ,Meden,Medenou,1,0
Medunkov ,F,Medunkov,Medunkov,Medunkovou,Medunkov ,Medunkov,Medunkovou,1,0
MedvedĄ,F,MedvedĄ,MedvedĄ,MedvedĄ,MedvedĄ,MedvedĄ,MedvedĄ,1,0
Melounov ,F,Melounov,Melounov,Melounovou,Melounov ,Melounov,Melounovou,1,0
Merunkov ,F,Merunkov,Merunkov,Merunkovou,Merunkov ,Merunkov,Merunkovou,1,0
MesĄcn ,F,MesĄcn,MesĄcn,MesĄcnou,MesĄcn ,MesĄcn,MesĄcnou,1,0
MesĄcnĄ,F,MesĄcnĄ,MesĄcnĄ,MesĄcnĄ,MesĄcnĄ,MesĄcnĄ,MesĄcnĄ,1,0
MesĄcnĄ n mestĄ,N,MesĄcnĄho n mestĄ,MesĄcnĄmu n mestĄ,MesĄcnĄ n mestĄ,MesĄcnĄ n mestĄ,MesĄcnĄm n mestĄ,MesĄcnĄm n mestĄm,0,1
Mestsk ,F,Mestsk,Mestsk,Mestskou,Mestsk ,Mestsk,Mestskou,1,0
Mincov ,F,Mincov,Mincov,Mincovou,Mincov ,Mincov,Mincovou,1,0
MincovnĄ,F,MincovnĄ,MincovnĄ,MincovnĄ,MincovnĄ,MincovnĄ,MincovnĄ,1,0
Modr ,F,Modr,Modr,Modrou,Modr ,Modr,Modrou,1,0
Mokr ,F,Mokr,Mokr,Mokrou,Mokr ,Mokr,Mokrou,1,0
Morsk ,F,Morsk,Morsk,Morskou,Morsk ,Morsk,Morskou,1,0
Mosazn ,F,Mosazn,Mosazn,Mosaznou,Mosazn ,Mosazn,Mosaznou,1,0
Mosteck ,F,Mosteck,Mosteck,Mosteckou,Mosteck ,Mosteck,Mosteckou,1,0
Mostov ,F,Mostov,Mostov,Mostovou,Mostov ,Mostov,Mostovou,1,0
MravencĄ,F,MravencĄ,MravencĄ,MravencĄ,MravencĄ,MravencĄ,MravencĄ,1,0
Mrkvov ,F,Mrkvov,Mrkvov,Mrkvovou,Mrkvov ,Mrkvov,Mrkvovou,1,0
Na hranick ch,,Na hranick ch,Na hranick ch,Na hranick ch,Na hranick ch,Na hranick ch,Na hranick ch,1,0
Na KrĄzku,,Na KrĄzku,Na KrĄzku,Na KrĄzku,Na KrĄzku,Na KrĄzku,Na KrĄzku,1,0
Na rohu,,Na rohu,Na rohu,Na rohu,Na rohu,Na rohu,Na rohu,1,0
Na vrchu,,Na vrchu,Na vrchu,Na vrchu,Na vrchu,Na vrchu,Na vrchu,1,0
Nachov ,F,Nachov,Nachov,Nachovou,Nachov ,Nachov,Nachovou,1,0
Nad hospodou,,Nad hospodou,Nad hospodou,Nad hospodou,Nad hospodou,Nad hospodou,Nad hospodou,1,0
Nad lesem,,Nad lesem,Nad lesem,Nad lesem,Nad lesem,Nad lesem,Nad lesem,1,0
Nad mostem,,Nad mostem,Nad mostem,Nad mostem,Nad mostem,Nad mostem,Nad mostem,1,0
Nad psincem,,Nad psincem,Nad psincem,Nad psincem,Nad psincem,Nad psincem,Nad psincem,1,0
Nahnut ,F,Nahnut,Nahnut,Nahnutou,Nahnut ,Nahnut,Nahnutou,1,0
N hornĄ,F,N hornĄ,N hornĄ,N hornĄ,N hornĄ,N hornĄ,N hornĄ,1,0
N mornĄ,F,N mornĄ,N mornĄ,N mornĄ,N mornĄ,N mornĄ,N mornĄ,1,0
Naplaven ,F,Naplaven,Naplaven,Naplavenou,Naplaven ,Naplaven,Naplavenou,1,0
N plavov ,F,N plavov,N plavov,N plavovou,N plavov ,N plavov,N plavovou,1,0
NejdelsĄ,F,NejdelsĄ,NejdelsĄ,NejdelsĄ,NejdelsĄ,NejdelsĄ,NejdelsĄ,1,0
Nekonecn ,F,Nekonecn,Nekonecn,Nekonecnou,Nekonecn ,Nekonecn,Nekonecnou,1,0
Nerovn ,F,Nerovn,Nerovn,Nerovnou,Nerovn ,Nerovn,Nerovnou,1,0
NĄzk ,F,NĄzk,NĄzk,NĄzkou,NĄzk ,NĄzk,NĄzkou,1,0
NocnĄ,F,NocnĄ,NocnĄ,NocnĄ,NocnĄ,NocnĄ,NocnĄ,1,0
Nov ,F,Nov,Nov,Novou,Nov ,Nov,Novou,1,0
Nov n mestĄ,N,Novho n mestĄ,Novmu n mestĄ,Nov n mestĄ,Nov n mestĄ,Novm n mestĄ,Novym n mestĄm,0,1
ObchodnĄ,F,ObchodnĄ,ObchodnĄ,ObchodnĄ,ObchodnĄ,ObchodnĄ,ObchodnĄ,1,0
ObdlnĄkov ,F,ObdlnĄkov,ObdlnĄkov,ObdlnĄkovou,ObdlnĄkov ,ObdlnĄkov,ObdlnĄkovou,1,0
ObecnĄ,F,ObecnĄ,ObecnĄ,ObecnĄ,ObecnĄ,ObecnĄ,ObecnĄ,1,0
Obeliskov ,F,Obeliskov,Obeliskov,Obeliskovou,Obeliskov ,Obeliskov,Obeliskovou,1,0
Obloukov ,F,Obloukov,Obloukov,Obloukovou,Obloukov ,Obloukov,Obloukovou,1,0
Obousmern ,F,Obousmern,Obousmern,Obousmernou,Obousmern ,Obousmern,Obousmernou,1,0
Oboustrann ,F,Oboustrann,Oboustrann,Oboustrannou,Oboustrann ,Oboustrann,Oboustrannou,1,0
Obrovsk ,F,Obrovsk,Obrovsk,Obrovskou,Obrovsk ,Obrovsk,Obrovskou,1,0
ObrĄ,F,ObrĄ,ObrĄ,ObrĄ,ObrĄ,ObrĄ,ObrĄ,1,0
Octov ,F,Octov,Octov,Octovou,Octov ,Octov,Octovou,1,0
Odlehl ,F,Odlehl,Odlehl,Odlehlou,Odlehl ,Odlehl,Odlehlou,1,0
Ohnut ,F,Ohnut,Ohnut,Ohnutou,Ohnut ,Ohnut,Ohnutou,1,0
OhradnĄ,F,OhradnĄ,OhradnĄ,OhradnĄ,OhradnĄ,OhradnĄ,OhradnĄ,1,0
Okenicov ,F,Okenicov,Okenicov,Okenicovou,Okenicov ,Okenicov,Okenicovou,1,0
Okrajov ,F,Okrajov,Okrajov,Okrajovou,Okrajov ,Okrajov,Okrajovou,1,0
Okrouhl ,F,Okrouhl,Okrouhl,Okrouhlou,Okrouhl ,Okrouhl,Okrouhlou,1,0
Okrov ,F,Okrov,Okrov,Okrovou,Okrov ,Okrov,Okrovou,1,0
OkruznĄ,F,OkruznĄ,OkruznĄ,OkruznĄ,OkruznĄ,OkruznĄ,OkruznĄ,1,0
Okurkov ,F,Okurkov,Okurkov,Okurkovou,Okurkov ,Okurkov,Okurkovou,1,0
Olej rsk ,F,Olej rsk,Olej rsk,Olej rskou,Olej rsk ,Olej rsk,Olej rskou,1,0
Olejnick ,F,Olejnick,Olejnick,Olejnickou,Olejnick ,Olejnick,Olejnickou,1,0
Olejov ,F,Olejov,Olejov,Olejovou,Olejov ,Olejov,Olejovou,1,0
OlifantĄ,F,OlifantĄ,OlifantĄ,OlifantĄ,OlifantĄ,OlifantĄ,OlifantĄ,1,0
Olivov ,F,Olivov,Olivov,Olivovou,Olivov ,Olivov,Olivovou,1,0
OpicĄ,F,OpicĄ,OpicĄ,OpicĄ,OpicĄ,OpicĄ,OpicĄ,1,0
OrlĄ,F,OrlĄ,OrlĄ,OrlĄ,OrlĄ,OrlĄ,OrlĄ,1,0
Orechov ,F,Orechov,Orechov,Orechovou,Orechov ,Orechov,Orechovou,1,0
Ores kov ,F,Ores kov,Ores kov,Ores kovou,Ores kov ,Ores kov,Ores kovou,1,0
OstrovnĄ,F,OstrovnĄ,OstrovnĄ,OstrovnĄ,OstrovnĄ,OstrovnĄ,OstrovnĄ,1,0
Ostruzinov ,F,Ostruzinov,Ostruzinov,Ostruzinovou,Ostruzinov ,Ostruzinov,Ostruzinovou,1,0
Ouzk ,F,Ouzk,Ouzk,Ouzkou,Ouzk ,Ouzk,Ouzkou,1,0
Ovc ck ,F,Ovc ck,Ovc ck,Ovc ckou,Ovc ck ,Ovc ck,Ovc ckou,1,0
OvcĄ,F,OvcĄ,OvcĄ,OvcĄ,OvcĄ,OvcĄ,OvcĄ,1,0
Ovesn ,F,Ovesn,Ovesn,Ovesnou,Ovesn ,Ovesn,Ovesnou,1,0
Ovocn ,F,Ovocn,Ovocn,Ovocnou,Ovocn ,Ovocn,Ovocnou,1,0
Ovocny trh,M,Ovocnho trhu,Ovocnmu trhu,Ovocny trh,Ovocny trhu,Ovocnm trhu,Ovocnym trhem,0,1
Palmov ,F,Palmov,Palmov,Palmovou,Palmov ,Palmov,Palmovou,1,0
Pampeliskov ,F,Pampeliskov,Pampeliskov,Pampeliskovou,Pampeliskov ,Pampeliskov,Pampeliskovou,1,0
Pansk ,F,Pansk,Pansk,Panskou,Pansk ,Pansk,Panskou,1,0
PavoucĄ,F,PavoucĄ,PavoucĄ,PavoucĄ,PavoucĄ,PavoucĄ,PavoucĄ,1,0
Pekarsk ,F,Pekarsk,Pekarsk,Pekarskou,Pekarsk ,Pekarsk,Pekarskou,1,0
PenkavĄ,F,PenkavĄ,PenkavĄ,PenkavĄ,PenkavĄ,PenkavĄ,PenkavĄ,1,0
Peprn ,F,Peprn,Peprn,Peprnou,Peprn ,Peprn,Peprnou,1,0
Perlov ,F,Perlov,Perlov,Perlovou,Perlov ,Perlov,Perlovou,1,0
Pir tsk ,F,Pir tsk,Pir tsk,Pir tskou,Pir tsk ,Pir tsk,Pir tskou,1,0
PĄsarsk ,F,PĄsarsk,PĄsarsk,PĄsarskou,PĄsarsk ,PĄsarsk,PĄsarskou,1,0
PĄsecn ,F,PĄsecn,PĄsecn,PĄsecnou,PĄsecn ,PĄsecn,PĄsecnou,1,0
PĄskov ,F,PĄskov,PĄskov,PĄskovou,PĄskov ,PĄskov,PĄskovou,1,0
PivnĄ,F,PivnĄ,PivnĄ,PivnĄ,PivnĄ,PivnĄ,PivnĄ,1,0
Pivovarnick ,F,Pivovarnick,Pivovarnick,Pivovarnickou,Pivovarnick ,Pivovarnick,Pivovarnickou,1,0
Pivovarsk ,F,Pivovarsk,Pivovarsk,Pivovarskou,Pivovarsk ,Pivovarsk,Pivovarskou,1,0
Placat ,F,Placat,Placat,Placatou,Placat ,Placat,Placatou,1,0
Placat n mestĄ,N,Placatho n mestĄ,Placatmu n mestĄ,Placat n mestĄ,Placat n mestĄ,Placatm n mestĄ,Placatym n mestĄm,0,1
Plan ,F,Plan,Plan,Planou,Plan ,Plan,Planou,1,0
Pl ten ,F,Pl ten,Pl ten,Pl tenou,Pl ten ,Pl ten,Pl tenou,1,0
Platnrsk ,F,Platnrsk,Platnrsk,Platnrskou,Platnrsk ,Platnrsk,Platnrskou,1,0
Ploch ,F,Ploch,Ploch,Plochou,Ploch ,Ploch,Plochou,1,0
Ploch n mestĄ,N,Plochho n mestĄ,Plochmu n mestĄ,Ploch n mestĄ,Ploch n mestĄ,Plochm n mestĄ,Plochym n mestĄm,0,1
Plosinov ,F,Plosinov,Plosinov,Plosinovou,Plosinov ,Plosinov,Plosinovou,1,0
PobreznĄ,F,PobreznĄ,PobreznĄ,PobreznĄ,PobreznĄ,PobreznĄ,PobreznĄ,1,0
Poc tecnĄ,F,Poc tecnĄ,Poc tecnĄ,Poc tecnĄ,Poc tecnĄ,Poc tecnĄ,Poc tecnĄ,1,0
Pod hospodou,,Pod hospodou,Pod hospodou,Pod hospodou,Pod hospodou,Pod hospodou,Pod hospodou,1,0
Pod kopcem,,Pod kopcem,Pod kopcem,Pod kopcem,Pod kopcem,Pod kopcem,Pod kopcem,1,0
Pod mostem,,Pod mostem,Pod mostem,Pod mostem,Pod mostem,Pod mostem,Pod mostem,1,0
Pod psincem,,Pod psincem,Pod psincem,Pod psincem,Pod psincem,Pod psincem,Pod psincem,1,0
Pod skalnĄ stenou,,Pod skalnĄ stenou,Pod skalnĄ stenou,Pod skalnĄ stenou,Pod skalnĄ stenou,Pod skalnĄ stenou,Pod skalnĄ stenou,1,0
Pod sk lou,,Pod sk lou,Pod sk lou,Pod sk lou,Pod sk lou,Pod sk lou,Pod sk lou,1,0
Pod stromy,,Pod stromy,Pod stromy,Pod stromy,Pod stromy,Pod stromy,Pod stromy,1,0
Pod vezĄ,,Pod vezĄ,Pod vezĄ,Pod vezĄ,Pod vezĄ,Pod vezĄ,Pod vezĄ,1,0
Pod vinohradem,,Pod vinohradem,Pod vinohradem,Pod vinohradem,Pod vinohradem,Pod vinohradem,Pod vinohradem,1,0
Pod vrskem,,Pod vrskem,Pod vrskem,Pod vrskem,Pod vrskem,Pod vrskem,Pod vrskem,1,0
Podln ,F,Podln,Podln,Podlnou,Podln ,Podln,Podlnou,1,0
Podln n mestĄ,N,Podlnho n mestĄ,Podlnmu n mestĄ,Podln n mestĄ,Podln n mestĄ,Podlnm n mestĄ,Podlnym n mestĄ,0,1
Podkopan ,F,Podkopan,Podkopan,Podkopanou,Podkopan ,Podkopan,Podkopanou,1,0
Podlouhl ,F,Podlouhl,Podlouhl,Podlouhlou,Podlouhl ,Podlouhl,Podlouhlou,1,0
Podlouhl n mestĄ,N,Podlouhlho n mestĄ,Podlouhlmu n mestĄ,Podlouhl n mestĄ,Podlouhl n mestĄ,Podlouhlm n mestĄ,Podlouhlym n mestĄm,0,1
Podm cen ,F,Podm cen,Podm cen,Podm cenou,Podm cen ,Podm cen,Podm cenou,1,0
PodzimnĄ,F,PodzimnĄ,PodzimnĄ,PodzimnĄ,PodzimnĄ,PodzimnĄ,PodzimnĄ,1,0
Pohankov ,F,Pohankov,Pohankov,Pohankovou,Pohankov ,Pohankov,Pohankovou,1,0
Pohod rsk ,F,Pohod rsk,Pohod rsk,Pohod rskou,Pohod rsk ,Pohod rsk,Pohod rskou,1,0
Pohodov ,F,Pohodov,Pohodov,Pohodovou,Pohodov ,Pohodov,Pohodovou,1,0
Pohostinn ,F,Pohostinn,Pohostinn,Pohostinnou,Pohostinn ,Pohostinn,Pohostinnou,1,0
Pohostinsk ,F,Pohostinsk,Pohostinsk,Pohostinskou,Pohostinsk ,Pohostinsk,Pohostinskou,1,0
Polesn ,F,Polesn,Polesn,Polesnou,Polesn ,Polesn,Polesnou,1,0
Polvkov ,F,Polvkov,Polvkov,Polvkovou,Polvkov ,Polvkov,Polvkovou,1,0
PolĄvkov ,F,PolĄvkov,PolĄvkov,PolĄvkovou,PolĄvkov ,PolĄvkov,PolĄvkovou,1,0
PolovicnĄ,F,PolovicnĄ,PolovicnĄ,PolovicnĄ,PolovicnĄ,PolovicnĄ,PolovicnĄ,1,0
Pomerancov ,F,Pomerancov,Pomerancov,Pomerancovou,Pomerancov ,Pomerancov,Pomerancovou,1,0
Pomnenkov ,F,Pomnenkov,Pomnenkov,Pomnenkovou,Pomnenkov ,Pomnenkov,Pomnenkovou,1,0
PoslednĄ,F,PoslednĄ,PoslednĄ,PoslednĄ,PoslednĄ,PoslednĄ,PoslednĄ,1,0
Postaven ,F,Postaven,Postaven,Postavenou,Postaven ,Postaven,Postavenou,1,0
PostrannĄ,F,PostrannĄ,PostrannĄ,PostrannĄ,PostrannĄ,PostrannĄ,PostrannĄ,1,0
Potopen ,F,Potopen,Potopen,Potopenou,Potopen ,Potopen,Potopenou,1,0
PoustĄ,F,PoustĄ,PoustĄ,PoustĄ,PoustĄ,PoustĄ,PoustĄ,1,0
Povidlov ,F,Povidlov,Povidlov,Povidlovou,Povidlov ,Povidlov,Povidlovou,1,0
Prachov ,F,Prachov,Prachov,Prachovou,Prachov ,Prachov,Prachovou,1,0
Prasn ,F,Prasn,Prasn,Prasnou,Prasn ,Prasn,Prasnou,1,0
Prav ,F,Prav,Prav,Pravou,Prav ,Prav,Pravou,1,0
Prav n mestĄ,N,Pravho n mestĄ,Pravmu n mestĄ,Prav n mestĄ,Prav n mestĄ,Pravm n mestĄ,Pravym n mestĄm,0,1
Pr zdn ,F,Pr zdn,Pr zdn,Pr zdnou,Pr zdn ,Pr zdn,Pr zdnou,1,0
Prohnut ,F,Prohnut,Prohnut,Prohnutou,Prohnut ,Prohnut,Prohnutou,1,0
Prosn ,F,Prosn,Prosn,Prosnou,Prosn ,Prosn,Prosnou,1,0
ProstrednĄ,F,ProstrednĄ,ProstrednĄ,ProstrednĄ,ProstrednĄ,ProstrednĄ,ProstrednĄ,1,0
Protezov ,F,Protezov,Protezov,Protezovou,Protezov ,Protezov,Protezovou,1,0
Prov zkov ,F,Prov zkov,Prov zkov,Prov zkovou,Prov zkov ,Prov zkov,Prov zkovou,1,0
Provaznick ,F,Provaznick,Provaznick,Provaznickou,Provaznick ,Provaznick,Provaznickou,1,0
Provazov ,F,Provazov,Provazov,Provazovou,Provazov ,Provazov,Provazovou,1,0
Prudk ,F,Prudk,Prudk,Prudkou,Prudk ,Prudk,Prudkou,1,0
Pred branou,,Pred branou,Pred branou,Pred branou,Pred branou,Pred branou,Pred branou,1,0
Pred br nou,,Pred br nou,Pred br nou,Pred br nou,Pred br nou,Pred br nou,Pred br nou,1,0
PrednĄ,F,PrednĄ,PrednĄ,PrednĄ,PrednĄ,PrednĄ,PrednĄ,1,0
PrednĄ n mestĄ,N,PrednĄho n mestĄ,PrednĄmu n mestĄ,PrednĄ n mestĄ,PrednĄ n mestĄ,PrednĄm n mestĄ,PrednĄm n mestĄm,0,1
Presn ,F,Presn,Presn,Presnou,Presn ,Presn,Presnou,1,0
PrĄcn ,F,PrĄcn,PrĄcn,PrĄcnou,PrĄcn ,PrĄcn,PrĄcnou,1,0
PrĄcn n mestĄ,N,PrĄcnho n mestĄ,PrĄcnmu n mestĄ,PrĄcn n mestĄ,PrĄcn n mestĄ,PrĄcnm n mestĄ,PrĄcnym n mestĄm,0,1
Prilehl ,F,Prilehl,Prilehl,Prilehlou,Prilehl ,Prilehl,Prilehlou,1,0
PrĄm ,F,PrĄm,PrĄm,PrĄmou,PrĄm ,PrĄm,PrĄmou,1,0
PrĄpotocnĄ,F,PrĄpotocnĄ,PrĄpotocnĄ,PrĄpotocnĄ,PrĄpotocnĄ,PrĄpotocnĄ,PrĄpotocnĄ,1,0
PsĄ,F,PsĄ,PsĄ,PsĄ,PsĄ,PsĄ,PsĄ,1,0
Psenicn ,F,Psenicn,Psenicn,Psenicnou,Psenicn ,Psenicn,Psenicnou,1,0
PtacĄ,F,PtacĄ,PtacĄ,PtacĄ,PtacĄ,PtacĄ,PtacĄ,1,0
Pukavcov ,F,Pukavcov,Pukavcov,Pukavcovou,Pukavcov ,Pukavcov,Pukavcovou,1,0
PulmesĄcnĄ,F,PulmesĄcnĄ,PulmesĄcnĄ,PulmesĄcnĄ,PulmesĄcnĄ,PulmesĄcnĄ,PulmesĄcnĄ,1,0
PulmesĄcnĄ n mestĄ,N,PulmesĄcnĄho n mestĄ,PulmesĄcnĄmu n mestĄ,PulmesĄcnĄ n mestĄ,PulmesĄcnĄ n mestĄ,PulmesĄcnĄm n mestĄ,PulmesĄcnĄm n mestĄm,0,1
PulnocnĄ,F,PulnocnĄ,PulnocnĄ,PulnocnĄ,PulnocnĄ,PulnocnĄ,PulnocnĄ,1,0
Purpurov ,F,Purpurov,Purpurov,Purpurovou,Purpurov ,Purpurov,Purpurovou,1,0
Pust ,F,Pust,Pust,Pustou,Pust ,Pust,Pustou,1,0
RaccĄ,F,RaccĄ,RaccĄ,RaccĄ,RaccĄ,RaccĄ,RaccĄ,1,0
RacĄ,F,RacĄ,RacĄ,RacĄ,RacĄ,RacĄ,RacĄ,1,0
R kosov ,F,R kosov,R kosov,R kosovou,R kosov ,R kosov,R kosovou,1,0
RocnĄ,F,RocnĄ,RocnĄ,RocnĄ,RocnĄ,RocnĄ,RocnĄ,1,0
RohlĄkov ,F,RohlĄkov,RohlĄkov,RohlĄkovou,RohlĄkov ,RohlĄkov,RohlĄkovou,1,0
Rohov ,F,Rohov,Rohov,Rohovou,Rohov ,Rohov,Rohovou,1,0
Rovinn ,F,Rovinn,Rovinn,Rovinnou,Rovinn ,Rovinn,Rovinnou,1,0
Rovn ,F,Rovn,Rovn,Rovnou,Rovn ,Rovn,Rovnou,1,0
Rovnobezn ,F,Rovnobezn,Rovnobezn,Rovnobeznou,Rovnobezn ,Rovnobezn,Rovnobeznou,1,0
Rozeklan ,F,Rozeklan,Rozeklan,Rozeklanou,Rozeklan ,Rozeklan,Rozeklanou,1,0
Rozestaven ,F,Rozestaven,Rozestaven,Rozestavenou,Rozestaven ,Rozestaven,Rozestavenou,1,0
Rozestaven n mestĄ,N,Rozestavenho n mestĄ,Rozestavenmu n mestĄ,Rozestaven n mestĄ,Rozestaven n mestĄ,Rozestavenm n mestĄ,Rozestavenym n mestĄm,0,1
Rozmern ,F,Rozmern,Rozmern,Rozmernou,Rozmern ,Rozmern,Rozmernou,1,0
Ruzov ,F,Ruzov,Ruzov,Ruzovou,Ruzov ,Ruzov,Ruzovou,1,0
RybĄ,F,RybĄ,RybĄ,RybĄ,RybĄ,RybĄ,RybĄ,1,0
RybĄ trh,M,RybĄho trhu,RybĄmu trhu,RybĄ trh,RybĄ trhu,RybĄm trhu,RybĄm trhem,0,1
Rynkov ,F,Rynkov,Rynkov,Rynkovou,Rynkov ,Rynkov,Rynkovou,1,0
Rerichov ,F,Rerichov,Rerichov,Rerichovou,Rerichov ,Rerichov,Rerichovou,1,0
Retezov ,F,Retezov,Retezov,Retezovou,Retezov ,Retezov,Retezovou,1,0
Reznick ,F,Reznick,Reznick,Reznickou,Reznick ,Reznick,Reznickou,1,0
RĄcnĄ,F,RĄcnĄ,RĄcnĄ,RĄcnĄ,RĄcnĄ,RĄcnĄ,RĄcnĄ,1,0
Sasankov ,F,Sasankov,Sasankov,Sasankovou,Sasankov ,Sasankov,Sasankovou,1,0
Sedmikr skov ,F,Sedmikr skov,Sedmikr skov,Sedmikr skovou,Sedmikr skov ,Sedmikr skov,Sedmikr skovou,1,0
Sestersk ,F,Sestersk,Sestersk,Sesterskou,Sestersk ,Sestersk,Sesterskou,1,0
SevernĄ,F,SevernĄ,SevernĄ,SevernĄ,SevernĄ,SevernĄ,SevernĄ,1,0
SeverojiznĄ,F,SeverojiznĄ,SeverojiznĄ,SeverojiznĄ,SeverojiznĄ,SeverojiznĄ,SeverojiznĄ,1,0
SeverovychodnĄ,F,SeverovychodnĄ,SeverovychodnĄ,SeverovychodnĄ,SeverovychodnĄ,SeverovychodnĄ,SeverovychodnĄ,1,0
Severoz padnĄ,F,Severoz padnĄ,Severoz padnĄ,Severoz padnĄ,Severoz padnĄ,Severoz padnĄ,Severoz padnĄ,1,0
Sezamov ,F,Sezamov,Sezamov,Sezamovou,Sezamov ,Sezamov,Sezamovou,1,0
Skeln ,F,Skeln,Skeln,Skelnou,Skeln ,Skeln,Skelnou,1,0
Skl rsk ,F,Skl rsk,Skl rsk,Skl rskou,Skl rsk ,Skl rsk,Skl rskou,1,0
Sklenen ,F,Sklenen,Sklenen,Sklenenou,Sklenen ,Sklenen,Sklenenou,1,0
Skriv ncĄ,F,Skriv ncĄ,Skriv ncĄ,Skriv ncĄ,Skriv ncĄ,Skriv ncĄ,Skriv ncĄ,1,0
Slam kov ,F,Slam kov,Slam kov,Slam kovou,Slam kov ,Slam kov,Slam kovou,1,0
Slamen ,F,Slamen,Slamen,Slamenou,Slamen ,Slamen,Slamenou,1,0
Sl mov ,F,Sl mov,Sl mov,Sl movou,Sl mov ,Sl mov,Sl movou,1,0
SlavicĄ,F,SlavicĄ,SlavicĄ,SlavicĄ,SlavicĄ,SlavicĄ,SlavicĄ,1,0
Slep ,F,Slep,Slep,Slepou,Slep ,Slep,Slepou,1,0
Slepeck ,F,Slepeck,Slepeck,Slepeckou,Slepeck ,Slepeck,Slepeckou,1,0
SlepicĄ,F,SlepicĄ,SlepicĄ,SlepicĄ,SlepicĄ,SlepicĄ,SlepicĄ,1,0
SlonĄ,F,SlonĄ,SlonĄ,SlonĄ,SlonĄ,SlonĄ,SlonĄ,1,0
Sloupov ,F,Sloupov,Sloupov,Sloupovou,Sloupov ,Sloupov,Sloupovou,1,0
SlunecnĄ,F,SlunecnĄ,SlunecnĄ,SlunecnĄ,SlunecnĄ,SlunecnĄ,SlunecnĄ,1,0
SlunecnĄ n mestĄ,N,SlunecnĄho n mestĄ,SlunecnĄmu n mestĄ,SlunecnĄ n mestĄ,SlunecnĄ n mestĄ,SlunecnĄm n mestĄ,SlunecnĄm n mestĄ,0,1
Slunecnicov ,F,Slunecnicov,Slunecnicov,Slunecnicovou,Slunecnicov ,Slunecnicov,Slunecnicovou,1,0
Smaragdov ,F,Smaragdov,Smaragdov,Smaragdovou,Smaragdov ,Smaragdov,Smaragdovou,1,0
Smrckov ,F,Smrckov,Smrckov,Smrckovou,Smrckov ,Smrckov,Smrckovou,1,0
Smrkov ,F,Smrkov,Smrkov,Smrkovou,Smrkov ,Smrkov,Smrkovou,1,0
Snehov ,F,Snehov,Snehov,Snehovou,Snehov ,Snehov,Snehovou,1,0
Snezn ,F,Snezn,Snezn,Sneznou,Snezn ,Snezn,Sneznou,1,0
SobĄ,F,SobĄ,SobĄ,SobĄ,SobĄ,SobĄ,SobĄ,1,0
SobolĄ,F,SobolĄ,SobolĄ,SobolĄ,SobolĄ,SobolĄ,SobolĄ,1,0
SovĄ,F,SovĄ,SovĄ,SovĄ,SovĄ,SovĄ,SovĄ,1,0
SpodnĄ,F,SpodnĄ,SpodnĄ,SpodnĄ,SpodnĄ,SpodnĄ,SpodnĄ,1,0
SpodnĄ n mestĄ,N,SpodnĄho n mestĄ,SpodnĄmu n mestĄ,SpodnĄ n mestĄ,SpodnĄ n mestĄ,SpodnĄm n mestĄ,SpodnĄm n mestĄm,0,1
SpojovacĄ,F,SpojovacĄ,SpojovacĄ,SpojovacĄ,SpojovacĄ,SpojovacĄ,SpojovacĄ,1,0
SrncĄ,F,SrncĄ,SrncĄ,SrncĄ,SrncĄ,SrncĄ,SrncĄ,1,0
SrnĄ,F,SrnĄ,SrnĄ,SrnĄ,SrnĄ,SrnĄ,SrnĄ,1,0
Star ,F,Star,Star,Starou,Star ,Star,Starou,1,0
Star n mestĄ,N,Starho n mestĄ,Starmu n mestĄ,Star n mestĄ,Star n mestĄ,Starm n mestĄ,Starym n mestĄm,0,1
Stojat ,F,Stojat,Stojat,Stojatou,Stojat ,Stojat,Stojatou,1,0
Strm ,F,Strm,Strm,Strmou,Strm ,Strm,Strmou,1,0
Stromov ,F,Stromov,Stromov,Stromovou,Stromov ,Stromov,Stromovou,1,0
StrednĄ,F,StrednĄ,StrednĄ,StrednĄ,StrednĄ,StrednĄ,StrednĄ,1,0
Streleck ,F,Streleck,Streleck,Streleckou,Streleck ,Streleck,Streleckou,1,0
StrĄbrn ,F,StrĄbrn,StrĄbrn,StrĄbrnou,StrĄbrn ,StrĄbrn,StrĄbrnou,1,0
StrĄbrn kov ,F,StrĄbrn kov,StrĄbrn kov,StrĄbrn kovou,StrĄbrn kov ,StrĄbrn kov,StrĄbrn kovou,1,0
StudnicnĄ,F,StudnicnĄ,StudnicnĄ,StudnicnĄ,StudnicnĄ,StudnicnĄ,StudnicnĄ,1,0
Such ,F,Such,Such,Suchou,Such ,Such,Suchou,1,0
Sudov ,F,Sudov,Sudov,Sudovou,Sudov ,Sudov,Sudovou,1,0
Svat ,F,Svat,Svat,Svatou,Svat ,Svat,Svatou,1,0
Sveteln ,F,Sveteln,Sveteln,Svetelnou,Sveteln ,Sveteln,Svetelnou,1,0
Svetl ,F,Svetl,Svetl,Svetlou,Svetl ,Svetl,Svetlou,1,0
Svetov ,F,Svetov,Svetov,Svetovou,Svetov ,Svetov,Svetovou,1,0
Svetsk ,F,Svetsk,Svetsk,Svetskou,Svetsk ,Svetsk,Svetskou,1,0
SykorcĄ,F,SykorcĄ,SykorcĄ,SykorcĄ,SykorcĄ,SykorcĄ,SykorcĄ,1,0
SykorĄ,F,SykorĄ,SykorĄ,SykorĄ,SykorĄ,SykorĄ,SykorĄ,1,0
SakalĄ,F,SakalĄ,SakalĄ,SakalĄ,SakalĄ,SakalĄ,SakalĄ,1,0
SibenicnĄ,F,SibenicnĄ,SibenicnĄ,SibenicnĄ,SibenicnĄ,SibenicnĄ,SibenicnĄ,1,0
SĄpkov ,F,SĄpkov,SĄpkov,SĄpkovou,SĄpkov ,SĄpkov,SĄpkovou,1,0
Sirok ,F,Sirok,Sirok,Sirokou,Sirok ,Sirok,Sirokou,1,0
Sirok n mestĄ,N,Sirokho n mestĄ,Sirokmu n mestĄ,Sirok n mestĄ,Sirok n mestĄ,Sirokm n mestĄ,Sirokym n mestĄm,0,1
Sislav ,F,Sislav,Sislav,Sislavou,Sislav ,Sislav,Sislavou,1,0
SkolnĄ,F,SkolnĄ,SkolnĄ,SkolnĄ,SkolnĄ,SkolnĄ,SkolnĄ,1,0
Svestkov ,F,Svestkov,Svestkov,Svestkovou,Svestkov ,Svestkov,Svestkovou,1,0
Tepan ,F,Tepan,Tepan,Tepanou,Tepan ,Tepan,Tepanou,1,0
Tich ,F,Tich,Tich,Tichou,Tich ,Tich,Tichou,1,0
Tlacenkov ,F,Tlacenkov,Tlacenkov,Tlacenkovou,Tlacenkov ,Tlacenkov,Tlacenkovou,1,0
Tmav ,F,Tmav,Tmav,Tmavou,Tmav ,Tmav,Tmavou,1,0
Topasov ,F,Topasov,Topasov,Topasovou,Topasov ,Topasov,Topasovou,1,0
Travnat ,F,Travnat,Travnat,Travnatou,Travnat ,Travnat,Travnatou,1,0
Trhov ,F,Trhov,Trhov,Trhovou,Trhov ,Trhov,Trhovou,1,0
Trnov ,F,Trnov,Trnov,Trnovou,Trnov ,Trnov,Trnovou,1,0
Tresnov ,F,Tresnov,Tresnov,Tresnovou,Tresnov ,Tresnov,Tresnovou,1,0
Trpytiv ,F,Trpytiv,Trpytiv,Trpytivou,Trpytiv ,Trpytiv,Trpytivou,1,0
Trtinov ,F,Trtinov,Trtinov,Trtinovou,Trtinov ,Trtinov,Trtinovou,1,0
TygrĄ,F,TygrĄ,TygrĄ,TygrĄ,TygrĄ,TygrĄ,TygrĄ,1,0
Tyrkysov ,F,Tyrkysov,Tyrkysov,Tyrkysovou,Tyrkysov ,Tyrkysov,Tyrkysovou,1,0
U br ny,,U br ny,U br ny,U br ny,U br ny,U br ny,U br ny,1,0
U brodu,,U brodu,U brodu,U brodu,U brodu,U brodu,U brodu,1,0
U cesty,,U cesty,U cesty,U cesty,U cesty,U cesty,U cesty,1,0
U domu,,U domu,U domu,U domu,U domu,U domu,U domu,1,0
U harfy,,U harfy,U harfy,U harfy,U harfy,U harfy,U harfy,1,0
U hospody,,U hospody,U hospody,U hospody,U hospody,U hospody,U hospody,1,0
U lesa,,U lesa,U lesa,U lesa,U lesa,U lesa,U lesa,1,0
U louky,,U louky,U louky,U louky,U louky,U louky,U louky,1,0
U more,,U more,U more,U more,U more,U more,U more,1,0
U mostu,,U mostu,U mostu,U mostu,U mostu,U mostu,U mostu,1,1
U paseky,,U paseky,U paseky,U paseky,U paseky,U paseky,U paseky,1,0
U potoka,,U potoka,U potoka,U potoka,U potoka,U potoka,U potoka,1,1
U psince,,U psince,U psince,U psince,U psince,U psince,U psince,1,0
U reky,,U reky,U reky,U reky,U reky,U reky,U reky,1,1
U stromu,,U stromu,U stromu,U stromu,U stromu,U stromu,U stromu,1,1
U strĄbrn studne,,U strĄbrn studne,U strĄbrn studne,U strĄbrn studne,U strĄbrn studne,U strĄbrn studne,U strĄbrn studne,1,1
U strĄbrn studny,,U strĄbrn studny,U strĄbrn studny,U strĄbrn studny,U strĄbrn studny,U strĄbrn studny,U strĄbrn studny,1,1
U studny,,U studny,U studny,U studny,U studny,U studny,U studny,1,1
U skoly,,U skoly,U skoly,U skoly,U skoly,U skoly,U skoly,1,0
U zlat studne,,U zlat studne,U zlat studne,U zlat studne,U zlat studne,U zlat studne,U zlat studne,1,1
U zlat studny,,U zlat studny,U zlat studny,U zlat studny,U zlat studny,U zlat studny,U zlat studny,1,1
Udatnych bojovnĄku,,Udatnych bojovnĄku,Udatnych bojovnĄku,Udatnych bojovnĄku,Udatnych bojovnĄku,Udatnych bojovnĄku,Udatnych bojovnĄku,1,0
Udatnych hrdinu,,Udatnych hrdinu,Udatnych hrdinu,Udatnych hrdinu,Udatnych hrdinu,Udatnych hrdinu,Udatnych hrdinu,1,0
Udatnych reku,,Udatnych reku,Udatnych reku,Udatnych reku,Udatnych reku,Udatnych reku,Udatnych reku,1,0
UdolnĄ,F,UdolnĄ,UdolnĄ,UdolnĄ,UdolnĄ,UdolnĄ,UdolnĄ,1,0
Uheln ,F,Uheln,Uheln,Uhelnou,Uheln ,Uheln,Uhelnou,1,0
Uhlov ,F,Uhlov,Uhlov,Uhlovou,Uhlov ,Uhlov,Uhlovou,1,0
Uhlov ,F,Uhlov,Uhlov,Uhlovou,Uhlov ,Uhlov,Uhlovou,1,0
Uhrov ,F,Uhrov,Uhrov,Uhrovou,Uhrov ,Uhrov,Uhrovou,1,0
Ukoncen ,F,Ukoncen,Ukoncen,Ukoncenou,Ukoncen ,Ukoncen,Ukoncenou,1,0
Unikov ,F,Unikov,Unikov,Unikovou,Unikov ,Unikov,Unikovou,1,0
Uplakan ,F,Uplakan,Uplakan,Uplakanou,Uplakan ,Uplakan,Uplakanou,1,0
Usmudlan ,F,Usmudlan,Usmudlan,Usmudlanou,Usmudlan ,Usmudlan,Usmudlanou,1,0
Utopen ,F,Utopen,Utopen,Utopenou,Utopen ,Utopen,Utopenou,1,0
Uzen ,F,Uzen,Uzen,Uzenou,Uzen ,Uzen,Uzenou,1,0
Uzen rsk ,F,Uzen rsk,Uzen rsk,Uzen rskou,Uzen rsk ,Uzen rsk,Uzen rskou,1,0
Uzenkov ,F,Uzenkov,Uzenkov,Uzenkovou,Uzenkov ,Uzenkov,Uzenkovou,1,0
Uzk ,F,Uzk,Uzk,Uzkou,Uzk ,Uzk,Uzkou,1,0
Uzk n mestĄ,N,Uzkho n mestĄ,Uzkmu n mestĄ,Uzk n mestĄ,Uzk n mestĄ,Uzkm n mestĄ,Uzkym n mestĄm,0,1
UzlĄkov ,F,UzlĄkov,UzlĄkov,UzlĄkovou,UzlĄkov ,UzlĄkov,UzlĄkovou,1,0
Uzlov ,F,Uzlov,Uzlov,Uzlovou,Uzlov ,Uzlov,Uzlovou,1,0
V doline,,V doline,V doline,V doline,V doline,V doline,V doline,1,0
V kotline,,V kotline,V kotline,V kotline,V kotline,V kotline,V kotline,1,0
V obloukui,,V oblouku,V oblouku,V oblouku,V oblouku,V oblouku,V oblouku,1,0
V ohybu,,V ohybu,V ohybu,V ohybu,V ohybu,V ohybu,V ohybu,1,0
V r kosĄ,,V r kosĄ,V r kosĄ,V r kosĄ,V r kosĄ,V r kosĄ,V r kosĄ,1,0
V rovin ch,,V rovin ch,V rovin ch,V rovin ch,V rovin ch,V rovin ch,V rovin ch,1,0
V Łhlu,,V Łhlu,V Łhlu,V Łhlu,V Łhlu,V Łhlu,V Łhlu,1,0
V z mezĄ,,V z mezĄ,V z mezĄ,V z mezĄ,V z mezĄ,V z mezĄ,V z mezĄ,1,0
V z tisĄ,,V z tisĄ,V z tisĄ,V z tisĄ,V z tisĄ,V z tisĄ,V z tisĄ,1,0
V lecnick ,F,V lecnick,V lecnick,V lecnickou,V lecnick ,V lecnick,V lecnickou,1,0
Valov ,F,Valov,Valov,Valovou,Valov ,Valov,Valovou,1,0
V penn ,F,V penn,V penn,V pennou,V penn ,V penn,V pennou,1,0
VaranĄ,F,VaranĄ,VaranĄ,VaranĄ,VaranĄ,VaranĄ,VaranĄ,1,0
VavrĄnov ,F,VavrĄnov,VavrĄnov,VavrĄnovou,VavrĄnov ,VavrĄnov,VavrĄnovou,1,0
VcelĄ,F,VcelĄ,VcelĄ,VcelĄ,VcelĄ,VcelĄ,VcelĄ,1,0
Ve zlomu,,Ve zlomu,Ve zlomu,Ve zlomu,Ve zlomu,Ve zlomu,Ve zlomu,1,0
VecernĄ,F,VecernĄ,VecernĄ,VecernĄ,VecernĄ,VecernĄ,VecernĄ,1,0
VedlejsĄ,F,VedlejsĄ,VedlejsĄ,VedlejsĄ,VedlejsĄ,VedlejsĄ,VedlejsĄ,1,0
Veledulezit ,F,Veledulezit,Veledulezit,Veledulezitou,Veledulezit ,Veledulezit,Veledulezitou,1,0
Velk n mestĄ,N,Velkho n mestĄ,Velkmu n mestĄ,Velk n mestĄ,Velk n mestĄ,Velkm n mestĄ,Velkym n mestĄm,0,1
Veneckov ,F,Veneckov,Veneckov,Veneckovou,Veneckov ,Veneckov,Veneckovou,1,0
Vesnick ,F,Vesnick,Vesnick,Vesnickou,Vesnick ,Vesnick,Vesnickou,1,0
Vetrn ,F,Vetrn,Vetrn,Vetrnou,Vetrn ,Vetrn,Vetrnou,1,0
Vetrov ,F,Vetrov,Vetrov,Vetrovou,Vetrov ,Vetrov,Vetrovou,1,0
VevercĄ,F,VevercĄ,VevercĄ,VevercĄ,VevercĄ,VevercĄ,VevercĄ,1,0
Vezensk ,F,Vezensk,Vezensk,Vezenskou,Vezensk ,Vezensk,Vezenskou,1,0
Vezov ,F,Vezov,Vezov,Vezovou,Vezov ,Vezov,Vezovou,1,0
VĄlĄ,F,VĄlĄ,VĄlĄ,VĄlĄ,VĄlĄ,VĄlĄ,VĄlĄ,1,0
Vinn ,F,Vinn,Vinn,Vinnou,Vinn ,Vinn,Vinnou,1,0
Visnov ,F,Visnov,Visnov,Visnovou,Visnov ,Visnov,Visnovou,1,0
VĄtezn ,F,VĄtezn,VĄtezn,VĄteznou,VĄtezn ,VĄtezn,VĄteznou,1,0
VĄtezn n mestĄ,N,VĄteznho n mestĄ,VĄteznmu n mestĄ,VĄtezn n mestĄ,VĄtezn n mestĄ,VĄteznm n mestĄ,VĄteznym n mestĄm,0,1
VlastovcĄ,F,VlastovcĄ,VlastovcĄ,VlastovcĄ,VlastovcĄ,VlastovcĄ,VlastovcĄ,1,0
VlastovicnĄkov ,F,VlastovicnĄkov,VlastovicnĄkov,VlastovicnĄkovou,VlastovicnĄkov ,VlastovicnĄkov,VlastovicnĄkovou,1,0
Vlhk ,F,Vlhk,Vlhk,Vlhkou,Vlhk ,Vlhk,Vlhkou,1,0
VodnĄ,F,VodnĄ,VodnĄ,VodnĄ,VodnĄ,VodnĄ,VodnĄ,1,0
Vozov ,F,Vozov,Vozov,Vozovou,Vozov ,Vozov,Vozovou,1,0
VranĄ,F,VranĄ,VranĄ,VranĄ,VranĄ,VranĄ,VranĄ,1,0
VrchnĄ,F,VrchnĄ,VrchnĄ,VrchnĄ,VrchnĄ,VrchnĄ,VrchnĄ,1,0
Vresov ,F,Vresov,Vresov,Vresovou,Vresov ,Vresov,Vresovou,1,0
VychodnĄ,F,VychodnĄ,VychodnĄ,VychodnĄ,VychodnĄ,VychodnĄ,VychodnĄ,1,0
Vychodoz padnĄ,F,Vychodoz padnĄ,Vychodoz padnĄ,Vychodoz padnĄ,Vychodoz padnĄ,Vychodoz padnĄ,Vychodoz padnĄ,1,0
Vysok ,F,Vysok,Vysok,Vysokou,Vysok ,Vysok,Vysokou,1,0
Za branou,,Za branou,Za branou,Za branou,Za branou,Za branou,Za branou,1,0
Za br nou,,Za br nou,Za br nou,Za br nou,Za br nou,Za br nou,Za br nou,1,0
Za drnem,,Za drnem,Za drnem,Za drnem,Za drnem,Za drnem,Za drnem,1,0
Za horou,,Za horou,Za horou,Za horou,Za horou,Za horou,Za horou,1,0
Za hospodou,,Za hospodou,Za hospodou,Za hospodou,Za hospodou,Za hospodou,Za hospodou,1,0
Za mostem,,Za mostem,Za mostem,Za mostem,Za mostem,Za mostem,Za mostem,1,0
Za pasekou,,Za pasekou,Za pasekou,Za pasekou,Za pasekou,Za pasekou,Za pasekou,1,0
Za plotem,,Za plotem,Za plotem,Za plotem,Za plotem,Za plotem,Za plotem,1,0
Za psincem,,Za psincem,Za psincem,Za psincem,Za psincem,Za psincem,Za psincem,1,0
Za rohem,,Za rohem,Za rohem,Za rohem,Za rohem,Za rohem,Za rohem,1,0
Za vodou,,Za vodou,Za vodou,Za vodou,Za vodou,Za vodou,Za vodou,1,0
Zabijackov ,F,Zabijackov,Zabijackov,Zabijackovou,Zabijackov ,Zabijackov,Zabijackovou,1,0
Zabl cen ,F,Zabl cen,Zabl cen,Zabl cenou,Zabl cen ,Zabl cen,Zabl cenou,1,0
Zac tecnĄ,F,Zac tecnĄ,Zac tecnĄ,Zac tecnĄ,Zac tecnĄ,Zac tecnĄ,Zac tecnĄ,1,0
ZadnĄ,F,ZadnĄ,ZadnĄ,ZadnĄ,ZadnĄ,ZadnĄ,ZadnĄ,1,0
ZadnĄ n mestĄ,N,ZadnĄho n mestĄ,ZadnĄmu n mestĄ,ZadnĄ n mestĄ,ZadnĄ n mestĄ,ZadnĄm n mestĄ,ZadnĄm n mestĄm,0,1
Zahnut ,F,Zahnut,Zahnut,Zahnutou,Zahnut ,Zahnut,Zahnutou,1,0
ZahradnĄ,F,ZahradnĄ,ZahradnĄ,ZahradnĄ,ZahradnĄ,ZahradnĄ,ZahradnĄ,1,0
Zahradnick ,F,Zahradnick,Zahradnick,Zahradnickou,Zahradnick ,Zahradnick,Zahradnickou,1,0
Z hrobnĄ,F,Z hrobnĄ,Z hrobnĄ,Z hrobnĄ,Z hrobnĄ,Z hrobnĄ,Z hrobnĄ,1,0
ZajecĄ,F,ZajecĄ,ZajecĄ,ZajecĄ,ZajecĄ,ZajecĄ,ZajecĄ,1,0
Zakopan ,F,Zakopan,Zakopan,Zakopanou,Zakopan ,Zakopan,Zakopanou,1,0
Zakriven ,F,Zakriven,Zakriven,Zakrivenou,Zakriven ,Zakriven,Zakrivenou,1,0
Zalomen ,F,Zalomen,Zalomen,Zalomenou,Zalomen ,Zalomen,Zalomenou,1,0
Z meck ,F,Z meck,Z meck,Z meckou,Z meck ,Z meck,Z meckou,1,0
Z mkov ,F,Z mkov,Z mkov,Z mkovou,Z mkov ,Z mkov,Z mkovou,1,0
Zamotan ,F,Zamotan,Zamotan,Zamotanou,Zamotan ,Zamotan,Zamotanou,1,0
Z motkov ,F,Z motkov,Z motkov,Z motkovou,Z motkov ,Z motkov,Z motkovou,1,0
Z novnĄ,F,Z novnĄ,Z novnĄ,Z novnĄ,Z novnĄ,Z novnĄ,Z novnĄ,1,0
Z padnĄ,F,Z padnĄ,Z padnĄ,Z padnĄ,Z padnĄ,Z padnĄ,Z padnĄ,1,0
Zaplaven ,F,Zaplaven,Zaplaven,Zaplavenou,Zaplaven ,Zaplaven,Zaplavenou,1,0
Z plavov ,F,Z plavov,Z plavov,Z plavovou,Z plavov ,Z plavov,Z plavovou,1,0
Z poroznĄ,F,Z poroznĄ,Z poroznĄ,Z poroznĄ,Z poroznĄ,Z poroznĄ,Z poroznĄ,1,0
Zapr sen ,F,Zapr sen,Zapr sen,Zapr senou,Zapr sen ,Zapr sen,Zapr senou,1,0
Z praznĄ,F,Z praznĄ,Z praznĄ,Z praznĄ,Z praznĄ,Z praznĄ,Z praznĄ,1,0
Z roznĄ,F,Z roznĄ,Z roznĄ,Z roznĄ,Z roznĄ,Z roznĄ,Z roznĄ,1,0
Z snubnĄ,F,Z snubnĄ,Z snubnĄ,Z snubnĄ,Z snubnĄ,Z snubnĄ,Z snubnĄ,1,0
Zastaven ,F,Zastaven,Zastaven,Zastavenou,Zastaven ,Zastaven,Zastavenou,1,0
Zastaven ,F,Zastaven,Zastaven,Zastavenou,Zastaven ,Zastaven,Zastavenou,1,0
Zatocen ,F,Zatocen,Zatocen,Zatocenou,Zatocen ,Zatocen,Zatocenou,1,0
Zatopen ,F,Zatopen,Zatopen,Zatopenou,Zatopen ,Zatopen,Zatopenou,1,0
Zauzlen ,F,Zauzlen,Zauzlen,Zauzlenou,Zauzlen ,Zauzlen,Zauzlenou,1,0
Zauzlovan ,F,Zauzlovan,Zauzlovan,Zauzlovanou,Zauzlovan ,Zauzlovan,Zauzlovanou,1,0
Zavareninov ,F,Zavareninov,Zavareninov,Zavareninovou,Zavareninov ,Zavareninov,Zavareninovou,1,0
Z vorov ,F,Z vorov,Z vorov,Z vorovou,Z vorov ,Z vorov,Z vorovou,1,0
Zazden ,F,Zazden,Zazden,Zazdenou,Zazden ,Zazden,Zazdenou,1,0
Z zvorov ,F,Z zvorov,Z zvorov,Z zvorovou,Z zvorov ,Z zvorov,Z zvorovou,1,0
ZbrojĄrsk ,F,ZbrojĄrsk,ZbrojĄrsk,ZbrojĄrskou,ZbrojĄrsk ,ZbrojĄrsk,ZbrojĄrskou,1,0
Zden ,F,Zden,Zden,Zdenou,Zden ,Zden,Zdenou,1,0
Zelen ,F,Zelen,Zelen,Zelenou,Zelen ,Zelen,Zelenou,1,0
Zeleninov ,F,Zeleninov,Zeleninov,Zeleninovou,Zeleninov ,Zeleninov,Zeleninovou,1,0
Zeln ,F,Zeln,Zeln,Zelnou,Zeln ,Zeln,Zelnou,1,0
ZimnĄ,F,ZimnĄ,ZimnĄ,ZimnĄ,ZimnĄ,ZimnĄ,ZimnĄ,1,0
Zl man ,F,Zl man,Zl man,Zl manou,Zl man ,Zl man,Zl manou,1,0
Zlat ,F,Zlat,Zlat,Zlatou,Zlat ,Zlat,Zlatou,1,0
Zlat kov ,F,Zlat kov,Zlat kov,Zlat kovou,Zlat kov ,Zlat kov,Zlat kovou,1,0
Zlatnick ,F,Zlatnick,Zlatnick,Zlatnickou,Zlatnick ,Zlatnick,Zlatnickou,1,0
Zlomen ,F,Zlomen,Zlomen,Zlomenou,Zlomen ,Zlomen,Zlomenou,1,0
Zlomov ,F,Zlomov,Zlomov,Zlomovou,Zlomov ,Zlomov,Zlomovou,1,0
Ztracen ,F,Ztracen,Ztracen,Ztracenou,Ztracen ,Ztracen,Ztracenou,1,0
Zubat ,F,Zubat,Zubat,Zubatou,Zubat ,Zubat,Zubatou,1,0
Zubov ,F,Zubov,Zubov,Zubovou,Zubov ,Zubov,Zubovou,1,0
ZvĄrecĄ,F,ZvĄrecĄ,ZvĄrecĄ,ZvĄrecĄ,ZvĄrecĄ,ZvĄrecĄ,ZvĄrecĄ,1,0
ZabĄ,F,ZabĄ,ZabĄ,ZabĄ,ZabĄ,ZabĄ,ZabĄ,1,0
Zaludov ,F,Zaludov,Zaludov,Zaludovou,Zaludov ,Zaludov,Zaludovou,1,0
Zebr ck ,F,Zebr ck,Zebr ck,Zebr ckou,Zebr ck ,Zebr ck,Zebr ckou,1,0
Zelezn ,F,Zelezn,Zelezn,Zeleznou,Zelezn ,Zelezn,Zeleznou,1,0
ZelvĄ,F,ZelvĄ,ZelvĄ,ZelvĄ,ZelvĄ,ZelvĄ,ZelvĄ,1,0
Zitn ,F,Zitn,Zitn,Zitnou,Zitn ,Zitn,Zitnou,1,0
Zlabov ,F,Zlabov,Zlabov,Zlabovou,Zlabov ,Zlabov,Zlabovou,1,0
Zlebov ,F,Zlebov,Zlebov,Zlebovou,Zlebov ,Zlebov,Zlebovou,1,0
Zlut ,F,Zlut,Zlut,Zlutou,Zlut ,Zlut,Zlutou,1,0
ZralocĄ,F,ZralocĄ,ZralocĄ,ZralocĄ,ZralocĄ,ZralocĄ,ZralocĄ,1,0
Zulov ,F,Zulov,Zulov,Zulovou,Zulov ,Zulov,Zulovou,1,0
